profile,dataset,video,resolution_tier,tune,tune_value,preset,crf,n_runs,mean_wall_time_s,std_wall_time_s,ci95_low_s,ci95_high_s,cv_percent,mean_peak_rss_mib,max_peak_rss_mib,mean_bitrate_kbps
meeting,a1_4k,Jockey_3840x2160_120fps_8bit.y4m,2160p_or_higher,MS_SSIM,4,1,18,1.0,1232.881956,,,,,6563.168,6563.168,335761.2224
meeting,a1_4k,Jockey_3840x2160_120fps_8bit.y4m,2160p_or_higher,MS_SSIM,4,1,26,1.0,1168.556988,,,,,6534.809,6534.809,125254.8928
meeting,a1_4k,Jockey_3840x2160_120fps_8bit.y4m,2160p_or_higher,MS_SSIM,4,1,35,1.0,956.777455,,,,,6645.676,6645.676,42632.6816
meeting,a1_4k,Jockey_3840x2160_120fps_8bit.y4m,2160p_or_higher,MS_SSIM,4,1,44,1.0,846.811251,,,,,6640.25,6640.25,13288.512
meeting,a1_4k,Jockey_3840x2160_120fps_8bit.y4m,2160p_or_higher,MS_SSIM,4,1,52,1.0,969.477427,,,,,6656.523,6656.523,7921.736
meeting,a1_4k,Jockey_3840x2160_120fps_8bit.y4m,2160p_or_higher,MS_SSIM,4,1,60,1.0,693.765711,,,,,6622.125,6622.125,4346.4288
meeting,a1_4k,Jockey_3840x2160_120fps_8bit.y4m,2160p_or_higher,MS_SSIM,4,10,18,1.0,50.508254,,,,,2787.77,2787.77,682095.4736
meeting,a1_4k,Jockey_3840x2160_120fps_8bit.y4m,2160p_or_higher,MS_SSIM,4,10,26,1.0,39.631055,,,,,2766.09,2766.09,315263.824
meeting,a1_4k,Jockey_3840x2160_120fps_8bit.y4m,2160p_or_higher,MS_SSIM,4,10,35,1.0,27.235452,,,,,2732.828,2732.828,112936.6656
meeting,a1_4k,Jockey_3840x2160_120fps_8bit.y4m,2160p_or_higher,MS_SSIM,4,10,44,1.0,19.960135,,,,,2728.57,2728.57,37701.1216
meeting,a1_4k,Jockey_3840x2160_120fps_8bit.y4m,2160p_or_higher,MS_SSIM,4,10,52,1.0,19.075944,,,,,2714.543,2714.543,17258.4288
meeting,a1_4k,Jockey_3840x2160_120fps_8bit.y4m,2160p_or_higher,MS_SSIM,4,10,60,1.0,16.972906,,,,,2728.621,2728.621,7783.624
meeting,a1_4k,Jockey_3840x2160_120fps_8bit.y4m,2160p_or_higher,PSNR,1,1,18,1.0,1008.071919,,,,,6557.008,6557.008,124127.8112
meeting,a1_4k,Jockey_3840x2160_120fps_8bit.y4m,2160p_or_higher,PSNR,1,1,26,1.0,785.20064,,,,,6578.32,6578.32,26442.2592
meeting,a1_4k,Jockey_3840x2160_120fps_8bit.y4m,2160p_or_higher,PSNR,1,1,35,1.0,711.146296,,,,,6601.094,6601.094,10411.3552
meeting,a1_4k,Jockey_3840x2160_120fps_8bit.y4m,2160p_or_higher,PSNR,1,1,44,1.0,606.606285,,,,,6587.848,6587.848,5864.1008
meeting,a1_4k,Jockey_3840x2160_120fps_8bit.y4m,2160p_or_higher,PSNR,1,1,52,1.0,566.017108,,,,,6578.125,6578.125,3844.6624
meeting,a1_4k,Jockey_3840x2160_120fps_8bit.y4m,2160p_or_higher,PSNR,1,1,60,1.0,617.796444,,,,,6719.656,6719.656,2023.3728
meeting,a1_4k,Jockey_3840x2160_120fps_8bit.y4m,2160p_or_higher,PSNR,1,10,18,1.0,34.908467,,,,,2716.047,2716.047,380434.2288
meeting,a1_4k,Jockey_3840x2160_120fps_8bit.y4m,2160p_or_higher,PSNR,1,10,26,1.0,22.410192,,,,,2701.027,2701.027,89407.616
meeting,a1_4k,Jockey_3840x2160_120fps_8bit.y4m,2160p_or_higher,PSNR,1,10,35,1.0,15.939679,,,,,2690.012,2690.012,25668.4992
meeting,a1_4k,Jockey_3840x2160_120fps_8bit.y4m,2160p_or_higher,PSNR,1,10,44,1.0,14.629793,,,,,2745.957,2745.957,12728.8592
meeting,a1_4k,Jockey_3840x2160_120fps_8bit.y4m,2160p_or_higher,PSNR,1,10,52,1.0,15.249974,,,,,2679.746,2679.746,7351.6112
meeting,a1_4k,Jockey_3840x2160_120fps_8bit.y4m,2160p_or_higher,PSNR,1,10,60,1.0,13.85996,,,,,2695.562,2695.562,3716.096
meeting,a1_4k,Jockey_3840x2160_120fps_8bit.y4m,2160p_or_higher,SSIM,2,1,18,1.0,1158.913205,,,,,6511.238,6511.238,138526.0896
meeting,a1_4k,Jockey_3840x2160_120fps_8bit.y4m,2160p_or_higher,SSIM,2,1,26,1.0,837.563615,,,,,6534.27,6534.27,28562.488
meeting,a1_4k,Jockey_3840x2160_120fps_8bit.y4m,2160p_or_higher,SSIM,2,1,35,1.0,752.206722,,,,,6570.145,6570.145,10971.232
meeting,a1_4k,Jockey_3840x2160_120fps_8bit.y4m,2160p_or_higher,SSIM,2,1,44,1.0,625.756543,,,,,6610.246,6610.246,5943.1968
meeting,a1_4k,Jockey_3840x2160_120fps_8bit.y4m,2160p_or_higher,SSIM,2,1,52,1.0,584.021463,,,,,6580.305,6580.305,3842.8864
meeting,a1_4k,Jockey_3840x2160_120fps_8bit.y4m,2160p_or_higher,SSIM,2,1,60,1.0,644.155939,,,,,6725.387,6725.387,2023.3488
meeting,a1_4k,Jockey_3840x2160_120fps_8bit.y4m,2160p_or_higher,SSIM,2,10,18,1.0,36.348351,,,,,2786.84,2786.84,366588.5936
meeting,a1_4k,Jockey_3840x2160_120fps_8bit.y4m,2160p_or_higher,SSIM,2,10,26,1.0,22.958289,,,,,2708.078,2708.078,88730.272
meeting,a1_4k,Jockey_3840x2160_120fps_8bit.y4m,2160p_or_higher,SSIM,2,10,35,1.0,16.340032,,,,,2709.273,2709.273,25354.9792
meeting,a1_4k,Jockey_3840x2160_120fps_8bit.y4m,2160p_or_higher,SSIM,2,10,44,1.0,15.091217,,,,,2769.031,2769.031,12578.2144
meeting,a1_4k,Jockey_3840x2160_120fps_8bit.y4m,2160p_or_higher,SSIM,2,10,52,1.0,15.515009,,,,,2718.191,2718.191,7255.209599999999
meeting,a1_4k,Jockey_3840x2160_120fps_8bit.y4m,2160p_or_higher,SSIM,2,10,60,1.0,14.339537,,,,,2711.445,2711.445,3765.5008
meeting,a1_4k,Jockey_3840x2160_120fps_8bit.y4m,2160p_or_higher,VMAF,5,1,18,1.0,1440.733463,,,,,6448.363,6448.363,197393.6256
meeting,a1_4k,Jockey_3840x2160_120fps_8bit.y4m,2160p_or_higher,VMAF,5,1,26,1.0,761.358597,,,,,6570.305,6570.305,28388.3616
meeting,a1_4k,Jockey_3840x2160_120fps_8bit.y4m,2160p_or_higher,VMAF,5,1,35,1.0,756.208506,,,,,6510.207,6510.207,10586.9136
meeting,a1_4k,Jockey_3840x2160_120fps_8bit.y4m,2160p_or_higher,VMAF,5,1,44,1.0,668.227084,,,,,6522.453,6522.453,5930.777599999999
meeting,a1_4k,Jockey_3840x2160_120fps_8bit.y4m,2160p_or_higher,VMAF,5,1,52,1.0,587.814065,,,,,6529.688,6529.688,3836.5376
meeting,a1_4k,Jockey_3840x2160_120fps_8bit.y4m,2160p_or_higher,VMAF,5,1,60,1.0,644.730092,,,,,6678.305,6678.305,2015.7136
meeting,a1_4k,Jockey_3840x2160_120fps_8bit.y4m,2160p_or_higher,VMAF,5,10,18,1.0,43.425524,,,,,2762.805,2762.805,487707.3232
meeting,a1_4k,Jockey_3840x2160_120fps_8bit.y4m,2160p_or_higher,VMAF,5,10,26,1.0,28.499259,,,,,2720.07,2720.07,111908.3552
meeting,a1_4k,Jockey_3840x2160_120fps_8bit.y4m,2160p_or_higher,VMAF,5,10,35,1.0,18.956747,,,,,2714.906,2714.906,24788.8224
meeting,a1_4k,Jockey_3840x2160_120fps_8bit.y4m,2160p_or_higher,VMAF,5,10,44,1.0,16.765155,,,,,2715.797,2715.797,12795.0944
meeting,a1_4k,Jockey_3840x2160_120fps_8bit.y4m,2160p_or_higher,VMAF,5,10,52,1.0,17.109402,,,,,2716.238,2716.238,7406.552
meeting,a1_4k,Jockey_3840x2160_120fps_8bit.y4m,2160p_or_higher,VMAF,5,10,60,1.0,15.832094,,,,,2721.992,2721.992,3745.4592
meeting,a1_4k,Jockey_3840x2160_120fps_8bit.y4m,2160p_or_higher,VQ,0,1,18,1.0,1092.689109,,,,,6091.07,6091.07,149222.368
meeting,a1_4k,Jockey_3840x2160_120fps_8bit.y4m,2160p_or_higher,VQ,0,1,26,1.0,754.617907,,,,,6720.645,6720.645,31624.9872
meeting,a1_4k,Jockey_3840x2160_120fps_8bit.y4m,2160p_or_higher,VQ,0,1,35,1.0,722.73701,,,,,6443.164,6443.164,10391.9552
meeting,a1_4k,Jockey_3840x2160_120fps_8bit.y4m,2160p_or_higher,VQ,0,1,44,1.0,595.908216,,,,,6433.73,6433.73,5468.705599999999
meeting,a1_4k,Jockey_3840x2160_120fps_8bit.y4m,2160p_or_higher,VQ,0,1,52,1.0,488.02478,,,,,6383.801,6383.801,3504.4128
meeting,a1_4k,Jockey_3840x2160_120fps_8bit.y4m,2160p_or_higher,VQ,0,1,60,1.0,566.740604,,,,,6602.184,6602.184,1853.2608
meeting,a1_4k,Jockey_3840x2160_120fps_8bit.y4m,2160p_or_higher,VQ,0,10,18,1.0,35.608846,,,,,2707.617,2707.617,420466.9408
meeting,a1_4k,Jockey_3840x2160_120fps_8bit.y4m,2160p_or_higher,VQ,0,10,26,1.0,26.059017,,,,,2689.941,2689.941,120792.1872
meeting,a1_4k,Jockey_3840x2160_120fps_8bit.y4m,2160p_or_higher,VQ,0,10,35,1.0,16.591718,,,,,2686.059,2686.059,29865.9952
meeting,a1_4k,Jockey_3840x2160_120fps_8bit.y4m,2160p_or_higher,VQ,0,10,44,1.0,14.667726,,,,,2686.055,2686.055,13567.1296
meeting,a1_4k,Jockey_3840x2160_120fps_8bit.y4m,2160p_or_higher,VQ,0,10,52,1.0,14.372535,,,,,2745.883,2745.883,7646.5424
meeting,a1_4k,Jockey_3840x2160_120fps_8bit.y4m,2160p_or_higher,VQ,0,10,60,1.0,13.219167,,,,,2682.816,2682.816,3813.2848
meeting,a1_4k,MeridianRoad_3840x2160_5994_hdr10.y4m,2160p_or_higher,MS_SSIM,4,1,18,1.0,195.920464,,,,,8794.188,8794.188,62429.8224852071
meeting,a1_4k,MeridianRoad_3840x2160_5994_hdr10.y4m,2160p_or_higher,MS_SSIM,4,1,26,1.0,187.275436,,,,,8323.52,8323.52,21355.37078306309
meeting,a1_4k,MeridianRoad_3840x2160_5994_hdr10.y4m,2160p_or_higher,MS_SSIM,4,1,35,1.0,172.37235,,,,,8729.672,8729.672,11249.875048028896
meeting,a1_4k,MeridianRoad_3840x2160_5994_hdr10.y4m,2160p_or_higher,MS_SSIM,4,1,44,1.0,171.157996,,,,,8881.906,8881.906,6552.975639744871
meeting,a1_4k,MeridianRoad_3840x2160_5994_hdr10.y4m,2160p_or_higher,MS_SSIM,4,1,52,1.0,205.694708,,,,,8510.352,8510.352,4421.4628448474605
meeting,a1_4k,MeridianRoad_3840x2160_5994_hdr10.y4m,2160p_or_higher,MS_SSIM,4,1,60,1.0,166.623732,,,,,8658.93,8658.93,2569.565818796588
meeting,a1_4k,MeridianRoad_3840x2160_5994_hdr10.y4m,2160p_or_higher,MS_SSIM,4,10,18,1.0,8.277229,,,,,3642.5,3642.5,111083.66341350958
meeting,a1_4k,MeridianRoad_3840x2160_5994_hdr10.y4m,2160p_or_higher,MS_SSIM,4,10,26,1.0,6.185468,,,,,3490.527,3490.527,46556.15277030662
meeting,a1_4k,MeridianRoad_3840x2160_5994_hdr10.y4m,2160p_or_higher,MS_SSIM,4,10,35,1.0,5.054557,,,,,3517.719,3517.719,16652.060554829786
meeting,a1_4k,MeridianRoad_3840x2160_5994_hdr10.y4m,2160p_or_higher,MS_SSIM,4,10,44,1.0,4.686865,,,,,3691.805,3691.805,8298.94659186967
meeting,a1_4k,MeridianRoad_3840x2160_5994_hdr10.y4m,2160p_or_higher,MS_SSIM,4,10,52,1.0,4.247155,,,,,3627.449,3627.449,4956.888035041882
meeting,a1_4k,MeridianRoad_3840x2160_5994_hdr10.y4m,2160p_or_higher,MS_SSIM,4,10,60,1.0,4.020976,,,,,3480.492,3480.492,2302.5614385614385
meeting,a1_4k,MeridianRoad_3840x2160_5994_hdr10.y4m,2160p_or_higher,PSNR,1,1,18,1.0,150.677822,,,,,8230.664,8230.664,18376.75924075924
meeting,a1_4k,MeridianRoad_3840x2160_5994_hdr10.y4m,2160p_or_higher,PSNR,1,1,26,1.0,141.069017,,,,,8282.574,8282.574,8862.855298547607
meeting,a1_4k,MeridianRoad_3840x2160_5994_hdr10.y4m,2160p_or_higher,PSNR,1,1,35,1.0,127.326912,,,,,8845.602,8845.602,5131.138400061477
meeting,a1_4k,MeridianRoad_3840x2160_5994_hdr10.y4m,2160p_or_higher,PSNR,1,1,44,1.0,107.70613,,,,,8596.23,8596.23,3036.7773764696844
meeting,a1_4k,MeridianRoad_3840x2160_5994_hdr10.y4m,2160p_or_higher,PSNR,1,1,52,1.0,118.874669,,,,,8863.516,8863.516,1925.8464612310768
meeting,a1_4k,MeridianRoad_3840x2160_5994_hdr10.y4m,2160p_or_higher,PSNR,1,1,60,1.0,129.509211,,,,,8817.594,8817.594,895.7553216014754
meeting,a1_4k,MeridianRoad_3840x2160_5994_hdr10.y4m,2160p_or_higher,PSNR,1,10,18,1.0,5.565973,,,,,3549.902,3549.902,53758.46922308461
meeting,a1_4k,MeridianRoad_3840x2160_5994_hdr10.y4m,2160p_or_higher,PSNR,1,10,26,1.0,4.411709,,,,,3556.914,3556.914,16570.995773457314
meeting,a1_4k,MeridianRoad_3840x2160_5994_hdr10.y4m,2160p_or_higher,PSNR,1,10,35,1.0,3.699678,,,,,3579.039,3579.039,6939.170368093446
meeting,a1_4k,MeridianRoad_3840x2160_5994_hdr10.y4m,2160p_or_higher,PSNR,1,10,44,1.0,3.631533,,,,,3706.277,3706.277,3236.586183047721
meeting,a1_4k,MeridianRoad_3840x2160_5994_hdr10.y4m,2160p_or_higher,PSNR,1,10,52,1.0,3.516006,,,,,3449.918,3449.918,1782.8792745715823
meeting,a1_4k,MeridianRoad_3840x2160_5994_hdr10.y4m,2160p_or_higher,PSNR,1,10,60,1.0,3.380153,,,,,3553.031,3553.031,792.414969645739
meeting,a1_4k,MeridianRoad_3840x2160_5994_hdr10.y4m,2160p_or_higher,SSIM,2,1,18,1.0,163.479031,,,,,8593.855,8593.855,20305.66356720203
meeting,a1_4k,MeridianRoad_3840x2160_5994_hdr10.y4m,2160p_or_higher,SSIM,2,1,26,1.0,155.622391,,,,,8324.328,8324.328,9559.698148005842
meeting,a1_4k,MeridianRoad_3840x2160_5994_hdr10.y4m,2160p_or_higher,SSIM,2,1,35,1.0,135.285381,,,,,8662.562,8662.562,5400.861292553601
meeting,a1_4k,MeridianRoad_3840x2160_5994_hdr10.y4m,2160p_or_higher,SSIM,2,1,44,1.0,112.115663,,,,,8489.086,8489.086,3155.211557673096
meeting,a1_4k,MeridianRoad_3840x2160_5994_hdr10.y4m,2160p_or_higher,SSIM,2,1,52,1.0,123.461064,,,,,8320.289,8320.289,2001.946361330977
meeting,a1_4k,MeridianRoad_3840x2160_5994_hdr10.y4m,2160p_or_higher,SSIM,2,1,60,1.0,139.010852,,,,,9092.617,9092.617,918.71697533236
meeting,a1_4k,MeridianRoad_3840x2160_5994_hdr10.y4m,2160p_or_higher,SSIM,2,10,18,1.0,5.568001,,,,,3460.984,3460.984,54629.11980327366
meeting,a1_4k,MeridianRoad_3840x2160_5994_hdr10.y4m,2160p_or_higher,SSIM,2,10,26,1.0,4.521111,,,,,3432.695,3432.695,16996.73249827096
meeting,a1_4k,MeridianRoad_3840x2160_5994_hdr10.y4m,2160p_or_higher,SSIM,2,10,35,1.0,3.693158,,,,,3469.156,3469.156,7087.972950126797
meeting,a1_4k,MeridianRoad_3840x2160_5994_hdr10.y4m,2160p_or_higher,SSIM,2,10,44,1.0,3.594374,,,,,3587.379,3587.379,3274.4535464535466
meeting,a1_4k,MeridianRoad_3840x2160_5994_hdr10.y4m,2160p_or_higher,SSIM,2,10,52,1.0,3.598326,,,,,3570.145,3570.145,1792.9639591178054
meeting,a1_4k,MeridianRoad_3840x2160_5994_hdr10.y4m,2160p_or_higher,SSIM,2,10,60,1.0,3.480863,,,,,3477.719,3477.719,804.1484669176978
meeting,a1_4k,MeridianRoad_3840x2160_5994_hdr10.y4m,2160p_or_higher,VMAF,5,1,18,1.0,152.311019,,,,,8647.766,8647.766,22749.61346345962
meeting,a1_4k,MeridianRoad_3840x2160_5994_hdr10.y4m,2160p_or_higher,VMAF,5,1,26,1.0,161.728953,,,,,8667.488,8667.488,9603.323445784985
meeting,a1_4k,MeridianRoad_3840x2160_5994_hdr10.y4m,2160p_or_higher,VMAF,5,1,35,1.0,132.157247,,,,,8851.914,8851.914,5266.278337047568
meeting,a1_4k,MeridianRoad_3840x2160_5994_hdr10.y4m,2160p_or_higher,VMAF,5,1,44,1.0,112.976432,,,,,8575.371,8575.371,3097.934680703912
meeting,a1_4k,MeridianRoad_3840x2160_5994_hdr10.y4m,2160p_or_higher,VMAF,5,1,52,1.0,117.617693,,,,,8732.207,8732.207,1963.02774148928
meeting,a1_4k,MeridianRoad_3840x2160_5994_hdr10.y4m,2160p_or_higher,VMAF,5,1,60,1.0,132.553321,,,,,8728.324,8728.324,901.081687543226
meeting,a1_4k,MeridianRoad_3840x2160_5994_hdr10.y4m,2160p_or_higher,VMAF,5,10,18,1.0,7.287393,,,,,3667.984,3667.984,88010.42526704066
meeting,a1_4k,MeridianRoad_3840x2160_5994_hdr10.y4m,2160p_or_higher,VMAF,5,10,26,1.0,5.042473,,,,,3738.688,3738.688,20192.463536463536
meeting,a1_4k,MeridianRoad_3840x2160_5994_hdr10.y4m,2160p_or_higher,VMAF,5,10,35,1.0,4.239943,,,,,3698.934,3698.934,7300.821025128717
meeting,a1_4k,MeridianRoad_3840x2160_5994_hdr10.y4m,2160p_or_higher,VMAF,5,10,44,1.0,4.006544,,,,,3593.543,3593.543,3369.7453315914854
meeting,a1_4k,MeridianRoad_3840x2160_5994_hdr10.y4m,2160p_or_higher,VMAF,5,10,52,1.0,3.900989,,,,,3557.555,3557.555,1840.6688695919468
meeting,a1_4k,MeridianRoad_3840x2160_5994_hdr10.y4m,2160p_or_higher,VMAF,5,10,60,1.0,3.703365,,,,,3545.398,3545.398,805.7050641666027
meeting,a1_4k,MeridianRoad_3840x2160_5994_hdr10.y4m,2160p_or_higher,VQ,0,1,18,1.0,152.477107,,,,,8102.559,8102.559,23922.24759855529
meeting,a1_4k,MeridianRoad_3840x2160_5994_hdr10.y4m,2160p_or_higher,VQ,0,1,26,1.0,148.207652,,,,,8266.766,8266.766,9426.516867747638
meeting,a1_4k,MeridianRoad_3840x2160_5994_hdr10.y4m,2160p_or_higher,VQ,0,1,35,1.0,129.83532,,,,,7607.238,7607.238,4804.109121647583
meeting,a1_4k,MeridianRoad_3840x2160_5994_hdr10.y4m,2160p_or_higher,VQ,0,1,44,1.0,107.354436,,,,,8533.832,8533.832,2933.816952278491
meeting,a1_4k,MeridianRoad_3840x2160_5994_hdr10.y4m,2160p_or_higher,VQ,0,1,52,1.0,113.1,,,,,8431.691,8431.691,1909.0706216860065
meeting,a1_4k,MeridianRoad_3840x2160_5994_hdr10.y4m,2160p_or_higher,VQ,0,1,60,1.0,121.870078,,,,,8473.711,8473.711,916.4853607930532
meeting,a1_4k,MeridianRoad_3840x2160_5994_hdr10.y4m,2160p_or_higher,VQ,0,10,18,1.0,6.081287,,,,,3483.828,3483.828,74591.71966495045
meeting,a1_4k,MeridianRoad_3840x2160_5994_hdr10.y4m,2160p_or_higher,VQ,0,10,26,1.0,4.633279,,,,,3516.23,3516.23,21760.33689387536
meeting,a1_4k,MeridianRoad_3840x2160_5994_hdr10.y4m,2160p_or_higher,VQ,0,10,35,1.0,3.593268,,,,,3561.668,3561.668,8096.105740413433
meeting,a1_4k,MeridianRoad_3840x2160_5994_hdr10.y4m,2160p_or_higher,VQ,0,10,44,1.0,3.590122,,,,,3581.121,3581.121,3715.575501421656
meeting,a1_4k,MeridianRoad_3840x2160_5994_hdr10.y4m,2160p_or_higher,VQ,0,10,52,1.0,3.51168,,,,,3532.984,3532.984,2050.6988396219167
meeting,a1_4k,MeridianRoad_3840x2160_5994_hdr10.y4m,2160p_or_higher,VQ,0,10,60,1.0,3.268038,,,,,3545.441,3545.441,905.105970952125
meeting,a1_4k,ReadySteadyGo_3840x2160_120fps_8bit.y4m,2160p_or_higher,MS_SSIM,4,1,18,1.0,909.176196,,,,,6629.66,6629.66,189359.912
meeting,a1_4k,ReadySteadyGo_3840x2160_120fps_8bit.y4m,2160p_or_higher,MS_SSIM,4,1,26,1.0,988.928554,,,,,6557.566,6557.566,94102.376
meeting,a1_4k,ReadySteadyGo_3840x2160_120fps_8bit.y4m,2160p_or_higher,MS_SSIM,4,1,35,1.0,941.122981,,,,,6496.207,6496.207,52555.3136
meeting,a1_4k,ReadySteadyGo_3840x2160_120fps_8bit.y4m,2160p_or_higher,MS_SSIM,4,1,44,1.0,957.356848,,,,,6515.871,6515.871,29923.7392
meeting,a1_4k,ReadySteadyGo_3840x2160_120fps_8bit.y4m,2160p_or_higher,MS_SSIM,4,1,52,1.0,1114.696908,,,,,6504.156,6504.156,19369.456
meeting,a1_4k,ReadySteadyGo_3840x2160_120fps_8bit.y4m,2160p_or_higher,MS_SSIM,4,1,60,1.0,1029.634196,,,,,6474.434,6474.434,10871.3872
meeting,a1_4k,ReadySteadyGo_3840x2160_120fps_8bit.y4m,2160p_or_higher,MS_SSIM,4,10,18,1.0,35.646623,,,,,2686.57,2686.57,292106.536
meeting,a1_4k,ReadySteadyGo_3840x2160_120fps_8bit.y4m,2160p_or_higher,MS_SSIM,4,10,26,1.0,27.526124,,,,,2748.09,2748.09,148740.40959999998
meeting,a1_4k,ReadySteadyGo_3840x2160_120fps_8bit.y4m,2160p_or_higher,MS_SSIM,4,10,35,1.0,21.184994,,,,,2721.848,2721.848,76030.344
meeting,a1_4k,ReadySteadyGo_3840x2160_120fps_8bit.y4m,2160p_or_higher,MS_SSIM,4,10,44,1.0,19.480097,,,,,2707.918,2707.918,41160.7136
meeting,a1_4k,ReadySteadyGo_3840x2160_120fps_8bit.y4m,2160p_or_higher,MS_SSIM,4,10,52,1.0,19.237858,,,,,2700.102,2700.102,24202.9168
meeting,a1_4k,ReadySteadyGo_3840x2160_120fps_8bit.y4m,2160p_or_higher,MS_SSIM,4,10,60,1.0,17.175543,,,,,2744.191,2744.191,11542.9552
meeting,a1_4k,ReadySteadyGo_3840x2160_120fps_8bit.y4m,2160p_or_higher,PSNR,1,1,18,1.0,716.645612,,,,,6483.66,6483.66,85735.36159999999
meeting,a1_4k,ReadySteadyGo_3840x2160_120fps_8bit.y4m,2160p_or_higher,PSNR,1,1,26,1.0,804.250259,,,,,6490.949,6490.949,47998.963200000006
meeting,a1_4k,ReadySteadyGo_3840x2160_120fps_8bit.y4m,2160p_or_higher,PSNR,1,1,35,1.0,734.7318,,,,,6400.016,6400.016,27663.6048
meeting,a1_4k,ReadySteadyGo_3840x2160_120fps_8bit.y4m,2160p_or_higher,PSNR,1,1,44,1.0,711.968463,,,,,6370.562,6370.562,16845.0912
meeting,a1_4k,ReadySteadyGo_3840x2160_120fps_8bit.y4m,2160p_or_higher,PSNR,1,1,52,1.0,813.061791,,,,,6420.992,6420.992,11036.2848
meeting,a1_4k,ReadySteadyGo_3840x2160_120fps_8bit.y4m,2160p_or_higher,PSNR,1,1,60,1.0,914.199406,,,,,6481.992,6481.992,5921.6176
meeting,a1_4k,ReadySteadyGo_3840x2160_120fps_8bit.y4m,2160p_or_higher,PSNR,1,10,18,1.0,24.574343,,,,,2695.965,2695.965,176163.3504
meeting,a1_4k,ReadySteadyGo_3840x2160_120fps_8bit.y4m,2160p_or_higher,PSNR,1,10,26,1.0,18.961292,,,,,2750.461,2750.461,83543.0128
meeting,a1_4k,ReadySteadyGo_3840x2160_120fps_8bit.y4m,2160p_or_higher,PSNR,1,10,35,1.0,15.632272,,,,,2758.824,2758.824,41589.1376
meeting,a1_4k,ReadySteadyGo_3840x2160_120fps_8bit.y4m,2160p_or_higher,PSNR,1,10,44,1.0,15.124892,,,,,2753.109,2753.109,22310.4592
meeting,a1_4k,ReadySteadyGo_3840x2160_120fps_8bit.y4m,2160p_or_higher,PSNR,1,10,52,1.0,15.381989,,,,,2689.742,2689.742,13053.6896
meeting,a1_4k,ReadySteadyGo_3840x2160_120fps_8bit.y4m,2160p_or_higher,PSNR,1,10,60,1.0,13.617402,,,,,2707.113,2707.113,6331.336
meeting,a1_4k,ReadySteadyGo_3840x2160_120fps_8bit.y4m,2160p_or_higher,SSIM,2,1,18,1.0,774.123069,,,,,6524.473,6524.473,86177.12479999999
meeting,a1_4k,ReadySteadyGo_3840x2160_120fps_8bit.y4m,2160p_or_higher,SSIM,2,1,26,1.0,864.223825,,,,,6435.062,6435.062,46832.6048
meeting,a1_4k,ReadySteadyGo_3840x2160_120fps_8bit.y4m,2160p_or_higher,SSIM,2,1,35,1.0,747.18201,,,,,6443.008,6443.008,27062.6864
meeting,a1_4k,ReadySteadyGo_3840x2160_120fps_8bit.y4m,2160p_or_higher,SSIM,2,1,44,1.0,722.46633,,,,,6423.969,6423.969,16313.8304
meeting,a1_4k,ReadySteadyGo_3840x2160_120fps_8bit.y4m,2160p_or_higher,SSIM,2,1,52,1.0,840.405225,,,,,6487.465,6487.465,10703.9888
meeting,a1_4k,ReadySteadyGo_3840x2160_120fps_8bit.y4m,2160p_or_higher,SSIM,2,1,60,1.0,941.214953,,,,,6643.398,6643.398,5768.7936
meeting,a1_4k,ReadySteadyGo_3840x2160_120fps_8bit.y4m,2160p_or_higher,SSIM,2,10,18,1.0,24.899686,,,,,2725.441,2725.441,169158.704
meeting,a1_4k,ReadySteadyGo_3840x2160_120fps_8bit.y4m,2160p_or_higher,SSIM,2,10,26,1.0,19.443488,,,,,2709.797,2709.797,80103.9552
meeting,a1_4k,ReadySteadyGo_3840x2160_120fps_8bit.y4m,2160p_or_higher,SSIM,2,10,35,1.0,15.877739,,,,,2689.133,2689.133,40045.211200000005
meeting,a1_4k,ReadySteadyGo_3840x2160_120fps_8bit.y4m,2160p_or_higher,SSIM,2,10,44,1.0,15.656738,,,,,2713.691,2713.691,21576.4192
meeting,a1_4k,ReadySteadyGo_3840x2160_120fps_8bit.y4m,2160p_or_higher,SSIM,2,10,52,1.0,15.889062,,,,,2730.785,2730.785,12659.8464
meeting,a1_4k,ReadySteadyGo_3840x2160_120fps_8bit.y4m,2160p_or_higher,SSIM,2,10,60,1.0,14.214409,,,,,2686.828,2686.828,6292.3456
meeting,a1_4k,ReadySteadyGo_3840x2160_120fps_8bit.y4m,2160p_or_higher,VMAF,5,1,18,1.0,754.216476,,,,,6480.566,6480.566,100209.7552
meeting,a1_4k,ReadySteadyGo_3840x2160_120fps_8bit.y4m,2160p_or_higher,VMAF,5,1,26,1.0,811.591418,,,,,6483.758,6483.758,51088.2416
meeting,a1_4k,ReadySteadyGo_3840x2160_120fps_8bit.y4m,2160p_or_higher,VMAF,5,1,35,1.0,798.573947,,,,,6448.961,6448.961,28291.2368
meeting,a1_4k,ReadySteadyGo_3840x2160_120fps_8bit.y4m,2160p_or_higher,VMAF,5,1,44,1.0,748.19883,,,,,6488.387,6488.387,17033.392
meeting,a1_4k,ReadySteadyGo_3840x2160_120fps_8bit.y4m,2160p_or_higher,VMAF,5,1,52,1.0,849.472195,,,,,6509.352,6509.352,11173.3408
meeting,a1_4k,ReadySteadyGo_3840x2160_120fps_8bit.y4m,2160p_or_higher,VMAF,5,1,60,1.0,879.649987,,,,,6635.301,6635.301,5967.830400000001
meeting,a1_4k,ReadySteadyGo_3840x2160_120fps_8bit.y4m,2160p_or_higher,VMAF,5,10,18,1.0,30.004205,,,,,2740.547,2740.547,242859.6976
meeting,a1_4k,ReadySteadyGo_3840x2160_120fps_8bit.y4m,2160p_or_higher,VMAF,5,10,26,1.0,22.602179,,,,,2794.535,2794.535,93531.776
meeting,a1_4k,ReadySteadyGo_3840x2160_120fps_8bit.y4m,2160p_or_higher,VMAF,5,10,35,1.0,17.905604,,,,,2783.824,2783.824,43669.8352
meeting,a1_4k,ReadySteadyGo_3840x2160_120fps_8bit.y4m,2160p_or_higher,VMAF,5,10,44,1.0,17.405562,,,,,2784.199,2784.199,23214.248
meeting,a1_4k,ReadySteadyGo_3840x2160_120fps_8bit.y4m,2160p_or_higher,VMAF,5,10,52,1.0,17.664292,,,,,2734.059,2734.059,13483.812800000002
meeting,a1_4k,ReadySteadyGo_3840x2160_120fps_8bit.y4m,2160p_or_higher,VMAF,5,10,60,1.0,15.511981,,,,,2696.387,2696.387,6518.12
meeting,a1_4k,ReadySteadyGo_3840x2160_120fps_8bit.y4m,2160p_or_higher,VQ,0,1,18,1.0,712.487097,,,,,6482.617,6482.617,97954.8816
meeting,a1_4k,ReadySteadyGo_3840x2160_120fps_8bit.y4m,2160p_or_higher,VQ,0,1,26,1.0,802.094186,,,,,6377.348,6377.348,51070.3744
meeting,a1_4k,ReadySteadyGo_3840x2160_120fps_8bit.y4m,2160p_or_higher,VQ,0,1,35,1.0,702.586312,,,,,6383.801,6383.801,27570.3488
meeting,a1_4k,ReadySteadyGo_3840x2160_120fps_8bit.y4m,2160p_or_higher,VQ,0,1,44,1.0,686.406039,,,,,6351.055,6351.055,16547.689599999998
meeting,a1_4k,ReadySteadyGo_3840x2160_120fps_8bit.y4m,2160p_or_higher,VQ,0,1,52,1.0,780.85401,,,,,6396.266,6396.266,11075.984
meeting,a1_4k,ReadySteadyGo_3840x2160_120fps_8bit.y4m,2160p_or_higher,VQ,0,1,60,1.0,874.460828,,,,,6434.309,6434.309,5994.9088
meeting,a1_4k,ReadySteadyGo_3840x2160_120fps_8bit.y4m,2160p_or_higher,VQ,0,10,18,1.0,26.222832,,,,,2696.195,2696.195,217187.8448
meeting,a1_4k,ReadySteadyGo_3840x2160_120fps_8bit.y4m,2160p_or_higher,VQ,0,10,26,1.0,19.793669,,,,,2687.527,2687.527,95821.3984
meeting,a1_4k,ReadySteadyGo_3840x2160_120fps_8bit.y4m,2160p_or_higher,VQ,0,10,35,1.0,15.511763,,,,,2687.094,2687.094,44070.2848
meeting,a1_4k,ReadySteadyGo_3840x2160_120fps_8bit.y4m,2160p_or_higher,VQ,0,10,44,1.0,14.781419,,,,,2684.938,2684.938,23358.2112
meeting,a1_4k,ReadySteadyGo_3840x2160_120fps_8bit.y4m,2160p_or_higher,VQ,0,10,52,1.0,15.054461,,,,,2711.844,2711.844,13626.419199999998
meeting,a1_4k,ReadySteadyGo_3840x2160_120fps_8bit.y4m,2160p_or_higher,VQ,0,10,60,1.0,13.004041,,,,,2650.668,2650.668,6620.008
meeting,a1_4k,ShakeNDry_3840x2160_120fps_8bit.y4m,2160p_or_higher,MS_SSIM,4,1,18,1.0,588.75358,,,,,6493.711,6493.711,414324.9184
meeting,a1_4k,ShakeNDry_3840x2160_120fps_8bit.y4m,2160p_or_higher,MS_SSIM,4,1,26,1.0,676.130254,,,,,6517.414,6517.414,190717.3056
meeting,a1_4k,ShakeNDry_3840x2160_120fps_8bit.y4m,2160p_or_higher,MS_SSIM,4,1,35,1.0,533.87475,,,,,6489.473,6489.473,75041.4816
meeting,a1_4k,ShakeNDry_3840x2160_120fps_8bit.y4m,2160p_or_higher,MS_SSIM,4,1,44,1.0,464.706555,,,,,6528.41,6528.41,30961.488
meeting,a1_4k,ShakeNDry_3840x2160_120fps_8bit.y4m,2160p_or_higher,MS_SSIM,4,1,52,1.0,493.510571,,,,,6440.035,6440.035,16599.180800000002
meeting,a1_4k,ShakeNDry_3840x2160_120fps_8bit.y4m,2160p_or_higher,MS_SSIM,4,1,60,1.0,417.192461,,,,,6459.016,6459.016,6989.5424
meeting,a1_4k,ShakeNDry_3840x2160_120fps_8bit.y4m,2160p_or_higher,MS_SSIM,4,10,18,1.0,21.907495,,,,,2692.281,2692.281,701633.984
meeting,a1_4k,ShakeNDry_3840x2160_120fps_8bit.y4m,2160p_or_higher,MS_SSIM,4,10,26,1.0,17.237239,,,,,2666.309,2666.309,281636.7872
meeting,a1_4k,ShakeNDry_3840x2160_120fps_8bit.y4m,2160p_or_higher,MS_SSIM,4,10,35,1.0,11.500814,,,,,2680.438,2680.438,112045.2928
meeting,a1_4k,ShakeNDry_3840x2160_120fps_8bit.y4m,2160p_or_higher,MS_SSIM,4,10,44,1.0,8.677298,,,,,2712.98,2712.98,43993.168
meeting,a1_4k,ShakeNDry_3840x2160_120fps_8bit.y4m,2160p_or_higher,MS_SSIM,4,10,52,1.0,8.363456,,,,,2713.859,2713.859,20735.6704
meeting,a1_4k,ShakeNDry_3840x2160_120fps_8bit.y4m,2160p_or_higher,MS_SSIM,4,10,60,1.0,7.342911,,,,,2654.645,2654.645,6290.3072
meeting,a1_4k,ShakeNDry_3840x2160_120fps_8bit.y4m,2160p_or_higher,PSNR,1,1,18,1.0,448.763409,,,,,6440.242,6440.242,151884.01919999998
meeting,a1_4k,ShakeNDry_3840x2160_120fps_8bit.y4m,2160p_or_higher,PSNR,1,1,26,1.0,473.561556,,,,,6461.609,6461.609,56023.4048
meeting,a1_4k,ShakeNDry_3840x2160_120fps_8bit.y4m,2160p_or_higher,PSNR,1,1,35,1.0,414.931452,,,,,6465.297,6465.297,28231.9552
meeting,a1_4k,ShakeNDry_3840x2160_120fps_8bit.y4m,2160p_or_higher,PSNR,1,1,44,1.0,365.694299,,,,,6362.906,6362.906,13846.8864
meeting,a1_4k,ShakeNDry_3840x2160_120fps_8bit.y4m,2160p_or_higher,PSNR,1,1,52,1.0,344.782934,,,,,6443.547,6443.547,7109.1456
meeting,a1_4k,ShakeNDry_3840x2160_120fps_8bit.y4m,2160p_or_higher,PSNR,1,1,60,1.0,294.567106,,,,,6593.426,6593.426,2437.1936
meeting,a1_4k,ShakeNDry_3840x2160_120fps_8bit.y4m,2160p_or_higher,PSNR,1,10,18,1.0,17.706838,,,,,2703.918,2703.918,419486.5376
meeting,a1_4k,ShakeNDry_3840x2160_120fps_8bit.y4m,2160p_or_higher,PSNR,1,10,26,1.0,11.60358,,,,,2736.121,2736.121,115884.8544
meeting,a1_4k,ShakeNDry_3840x2160_120fps_8bit.y4m,2160p_or_higher,PSNR,1,10,35,1.0,7.457164,,,,,2686.879,2686.879,39501.6512
meeting,a1_4k,ShakeNDry_3840x2160_120fps_8bit.y4m,2160p_or_higher,PSNR,1,10,44,1.0,6.734049,,,,,2674.797,2674.797,16871.728
meeting,a1_4k,ShakeNDry_3840x2160_120fps_8bit.y4m,2160p_or_higher,PSNR,1,10,52,1.0,6.683792,,,,,2624.379,2624.379,7687.2128
meeting,a1_4k,ShakeNDry_3840x2160_120fps_8bit.y4m,2160p_or_higher,PSNR,1,10,60,1.0,5.773168,,,,,2649.703,2649.703,2304.9056
meeting,a1_4k,ShakeNDry_3840x2160_120fps_8bit.y4m,2160p_or_higher,SSIM,2,1,18,1.0,523.848935,,,,,6496.41,6496.41,179741.168
meeting,a1_4k,ShakeNDry_3840x2160_120fps_8bit.y4m,2160p_or_higher,SSIM,2,1,26,1.0,510.734311,,,,,6517.07,6517.07,60471.4336
meeting,a1_4k,ShakeNDry_3840x2160_120fps_8bit.y4m,2160p_or_higher,SSIM,2,1,35,1.0,407.149986,,,,,6512.73,6512.73,29964.9984
meeting,a1_4k,ShakeNDry_3840x2160_120fps_8bit.y4m,2160p_or_higher,SSIM,2,1,44,1.0,389.058688,,,,,6570.434,6570.434,14496.3776
meeting,a1_4k,ShakeNDry_3840x2160_120fps_8bit.y4m,2160p_or_higher,SSIM,2,1,52,1.0,361.215749,,,,,6408.555,6408.555,7432.8
meeting,a1_4k,ShakeNDry_3840x2160_120fps_8bit.y4m,2160p_or_higher,SSIM,2,1,60,1.0,312.959539,,,,,6565.828,6565.828,2594.6752
meeting,a1_4k,ShakeNDry_3840x2160_120fps_8bit.y4m,2160p_or_higher,SSIM,2,10,18,1.0,18.026135,,,,,2650.562,2650.562,429230.4128
meeting,a1_4k,ShakeNDry_3840x2160_120fps_8bit.y4m,2160p_or_higher,SSIM,2,10,26,1.0,11.913691,,,,,2695.707,2695.707,123554.9888
meeting,a1_4k,ShakeNDry_3840x2160_120fps_8bit.y4m,2160p_or_higher,SSIM,2,10,35,1.0,7.733767,,,,,2693.027,2693.027,40490.5664
meeting,a1_4k,ShakeNDry_3840x2160_120fps_8bit.y4m,2160p_or_higher,SSIM,2,10,44,1.0,6.84013,,,,,2684.727,2684.727,17518.5984
meeting,a1_4k,ShakeNDry_3840x2160_120fps_8bit.y4m,2160p_or_higher,SSIM,2,10,52,1.0,7.079814,,,,,2679.5,2679.5,8086.6208
meeting,a1_4k,ShakeNDry_3840x2160_120fps_8bit.y4m,2160p_or_higher,SSIM,2,10,60,1.0,6.105185,,,,,2645.91,2645.91,2577.7216000000003
meeting,a1_4k,ShakeNDry_3840x2160_120fps_8bit.y4m,2160p_or_higher,VMAF,5,1,18,1.0,608.271921,,,,,6416.848,6416.848,212055.5296
meeting,a1_4k,ShakeNDry_3840x2160_120fps_8bit.y4m,2160p_or_higher,VMAF,5,1,26,1.0,462.081749,,,,,6518.879,6518.879,58826.819200000005
meeting,a1_4k,ShakeNDry_3840x2160_120fps_8bit.y4m,2160p_or_higher,VMAF,5,1,35,1.0,391.170314,,,,,6678.582,6678.582,29018.4128
meeting,a1_4k,ShakeNDry_3840x2160_120fps_8bit.y4m,2160p_or_higher,VMAF,5,1,44,1.0,391.315992,,,,,6592.25,6592.25,14072.2784
meeting,a1_4k,ShakeNDry_3840x2160_120fps_8bit.y4m,2160p_or_higher,VMAF,5,1,52,1.0,361.016189,,,,,6457.113,6457.113,7196.0736
meeting,a1_4k,ShakeNDry_3840x2160_120fps_8bit.y4m,2160p_or_higher,VMAF,5,1,60,1.0,301.123063,,,,,6697.977,6697.977,2445.1712
meeting,a1_4k,ShakeNDry_3840x2160_120fps_8bit.y4m,2160p_or_higher,VMAF,5,10,18,1.0,21.827388,,,,,2747.285,2747.285,553575.2384
meeting,a1_4k,ShakeNDry_3840x2160_120fps_8bit.y4m,2160p_or_higher,VMAF,5,10,26,1.0,13.699056,,,,,2657.73,2657.73,145922.9792
meeting,a1_4k,ShakeNDry_3840x2160_120fps_8bit.y4m,2160p_or_higher,VMAF,5,10,35,1.0,8.571261,,,,,2707.293,2707.293,40842.851200000005
meeting,a1_4k,ShakeNDry_3840x2160_120fps_8bit.y4m,2160p_or_higher,VMAF,5,10,44,1.0,7.460438,,,,,2714.594,2714.594,17299.7824
meeting,a1_4k,ShakeNDry_3840x2160_120fps_8bit.y4m,2160p_or_higher,VMAF,5,10,52,1.0,7.615948,,,,,2689.555,2689.555,7844.528
meeting,a1_4k,ShakeNDry_3840x2160_120fps_8bit.y4m,2160p_or_higher,VMAF,5,10,60,1.0,6.758484,,,,,2688.555,2688.555,2342.144
meeting,a1_4k,ShakeNDry_3840x2160_120fps_8bit.y4m,2160p_or_higher,VQ,0,1,18,1.0,555.804299,,,,,6298.199,6298.199,217316.8992
meeting,a1_4k,ShakeNDry_3840x2160_120fps_8bit.y4m,2160p_or_higher,VQ,0,1,26,1.0,461.109087,,,,,6390.938,6390.938,68495.2384
meeting,a1_4k,ShakeNDry_3840x2160_120fps_8bit.y4m,2160p_or_higher,VQ,0,1,35,1.0,399.973983,,,,,6385.691,6385.691,29323.5104
meeting,a1_4k,ShakeNDry_3840x2160_120fps_8bit.y4m,2160p_or_higher,VQ,0,1,44,1.0,349.559983,,,,,6299.23,6299.23,14273.0368
meeting,a1_4k,ShakeNDry_3840x2160_120fps_8bit.y4m,2160p_or_higher,VQ,0,1,52,1.0,318.347396,,,,,6417.27,6417.27,7337.8816
meeting,a1_4k,ShakeNDry_3840x2160_120fps_8bit.y4m,2160p_or_higher,VQ,0,1,60,1.0,288.901596,,,,,6502.719,6502.719,2575.5776
meeting,a1_4k,ShakeNDry_3840x2160_120fps_8bit.y4m,2160p_or_higher,VQ,0,10,18,1.0,19.686212,,,,,2632.762,2632.762,520329.5264
meeting,a1_4k,ShakeNDry_3840x2160_120fps_8bit.y4m,2160p_or_higher,VQ,0,10,26,1.0,13.263225,,,,,2678.559,2678.559,160203.648
meeting,a1_4k,ShakeNDry_3840x2160_120fps_8bit.y4m,2160p_or_higher,VQ,0,10,35,1.0,7.973801,,,,,2617.086,2617.086,45668.464
meeting,a1_4k,ShakeNDry_3840x2160_120fps_8bit.y4m,2160p_or_higher,VQ,0,10,44,1.0,6.8085,,,,,2672.594,2672.594,19178.8896
meeting,a1_4k,ShakeNDry_3840x2160_120fps_8bit.y4m,2160p_or_higher,VQ,0,10,52,1.0,6.805264,,,,,2653.363,2653.363,8847.6448
meeting,a1_4k,ShakeNDry_3840x2160_120fps_8bit.y4m,2160p_or_higher,VQ,0,10,60,1.0,5.685657,,,,,2688.68,2688.68,2720.6592
meeting,a1_4k,SparksWelding_4096x2160_5994_hdr10.y4m,2160p_or_higher,MS_SSIM,4,1,18,1.0,373.380084,,,,,8976.535,8976.535,307366.94689925463
meeting,a1_4k,SparksWelding_4096x2160_5994_hdr10.y4m,2160p_or_higher,MS_SSIM,4,1,26,1.0,366.707307,,,,,8965.301,8965.301,171462.75017290405
meeting,a1_4k,SparksWelding_4096x2160_5994_hdr10.y4m,2160p_or_higher,MS_SSIM,4,1,35,1.0,353.807404,,,,,9360.062,9360.062,93497.92853300546
meeting,a1_4k,SparksWelding_4096x2160_5994_hdr10.y4m,2160p_or_higher,MS_SSIM,4,1,44,1.0,382.750404,,,,,8890.938,8890.938,48543.23399677246
meeting,a1_4k,SparksWelding_4096x2160_5994_hdr10.y4m,2160p_or_higher,MS_SSIM,4,1,52,1.0,466.127796,,,,,9539.148,9539.148,26411.656036271423
meeting,a1_4k,SparksWelding_4096x2160_5994_hdr10.y4m,2160p_or_higher,MS_SSIM,4,1,60,1.0,413.320843,,,,,8805.5,8805.5,11885.936832398373
meeting,a1_4k,SparksWelding_4096x2160_5994_hdr10.y4m,2160p_or_higher,MS_SSIM,4,10,18,1.0,13.511383,,,,,3917.793,3917.793,394615.6833935296
meeting,a1_4k,SparksWelding_4096x2160_5994_hdr10.y4m,2160p_or_higher,MS_SSIM,4,10,26,1.0,11.96634,,,,,3954.422,3954.422,236493.4105894106
meeting,a1_4k,SparksWelding_4096x2160_5994_hdr10.y4m,2160p_or_higher,MS_SSIM,4,10,35,1.0,10.154689,,,,,3870.23,3870.23,134601.1625297779
meeting,a1_4k,SparksWelding_4096x2160_5994_hdr10.y4m,2160p_or_higher,MS_SSIM,4,10,44,1.0,9.119296,,,,,3920.312,3920.312,70827.82325366941
meeting,a1_4k,SparksWelding_4096x2160_5994_hdr10.y4m,2160p_or_higher,MS_SSIM,4,10,52,1.0,9.024226,,,,,3981.438,3981.438,36457.40720817644
meeting,a1_4k,SparksWelding_4096x2160_5994_hdr10.y4m,2160p_or_higher,MS_SSIM,4,10,60,1.0,7.16849,,,,,4089.508,4089.508,13357.83232152463
meeting,a1_4k,SparksWelding_4096x2160_5994_hdr10.y4m,2160p_or_higher,PSNR,1,1,18,1.0,275.649317,,,,,9167.742,9167.742,163680.2877122877
meeting,a1_4k,SparksWelding_4096x2160_5994_hdr10.y4m,2160p_or_higher,PSNR,1,1,26,1.0,322.828641,,,,,8851.418,8851.418,92157.25197879045
meeting,a1_4k,SparksWelding_4096x2160_5994_hdr10.y4m,2160p_or_higher,PSNR,1,1,35,1.0,305.090438,,,,,8750.23,8750.23,45533.30238991778
meeting,a1_4k,SparksWelding_4096x2160_5994_hdr10.y4m,2160p_or_higher,PSNR,1,1,44,1.0,297.893169,,,,,9298.328,9298.328,23833.421962652734
meeting,a1_4k,SparksWelding_4096x2160_5994_hdr10.y4m,2160p_or_higher,PSNR,1,1,52,1.0,321.262083,,,,,9101.746,9101.746,13304.033812341506
meeting,a1_4k,SparksWelding_4096x2160_5994_hdr10.y4m,2160p_or_higher,PSNR,1,1,60,1.0,329.015187,,,,,9371.184,9371.184,5315.805425343887
meeting,a1_4k,SparksWelding_4096x2160_5994_hdr10.y4m,2160p_or_higher,PSNR,1,10,18,1.0,9.083131,,,,,3900.734,3900.734,234586.67855221705
meeting,a1_4k,SparksWelding_4096x2160_5994_hdr10.y4m,2160p_or_higher,PSNR,1,10,26,1.0,7.984897,,,,,3711.438,3711.438,134940.91016675634
meeting,a1_4k,SparksWelding_4096x2160_5994_hdr10.y4m,2160p_or_higher,PSNR,1,10,35,1.0,6.765041,,,,,3722.59,3722.59,67244.75770383464
meeting,a1_4k,SparksWelding_4096x2160_5994_hdr10.y4m,2160p_or_higher,PSNR,1,10,44,1.0,6.183808,,,,,3787.941,3787.941,33494.85591331746
meeting,a1_4k,SparksWelding_4096x2160_5994_hdr10.y4m,2160p_or_higher,PSNR,1,10,52,1.0,6.451936,,,,,3862.684,3862.684,17292.150311227237
meeting,a1_4k,SparksWelding_4096x2160_5994_hdr10.y4m,2160p_or_higher,PSNR,1,10,60,1.0,5.402239,,,,,3857.039,3857.039,6191.306539614232
meeting,a1_4k,SparksWelding_4096x2160_5994_hdr10.y4m,2160p_or_higher,SSIM,2,1,18,1.0,287.086239,,,,,9172.383,9172.383,161151.3003919158
meeting,a1_4k,SparksWelding_4096x2160_5994_hdr10.y4m,2160p_or_higher,SSIM,2,1,26,1.0,348.65746,,,,,8875.48,8875.48,89796.96734035197
meeting,a1_4k,SparksWelding_4096x2160_5994_hdr10.y4m,2160p_or_higher,SSIM,2,1,35,1.0,333.489086,,,,,9249.102,9249.102,43681.79635748867
meeting,a1_4k,SparksWelding_4096x2160_5994_hdr10.y4m,2160p_or_higher,SSIM,2,1,44,1.0,315.346925,,,,,9283.391,9283.391,22315.433489587336
meeting,a1_4k,SparksWelding_4096x2160_5994_hdr10.y4m,2160p_or_higher,SSIM,2,1,52,1.0,332.811487,,,,,9306.918,9306.918,12239.664335664338
meeting,a1_4k,SparksWelding_4096x2160_5994_hdr10.y4m,2160p_or_higher,SSIM,2,1,60,1.0,339.0064,,,,,9337.312,9337.312,4865.447168216399
meeting,a1_4k,SparksWelding_4096x2160_5994_hdr10.y4m,2160p_or_higher,SSIM,2,10,18,1.0,9.13634,,,,,3931.086,3931.086,229815.7227387997
meeting,a1_4k,SparksWelding_4096x2160_5994_hdr10.y4m,2160p_or_higher,SSIM,2,10,26,1.0,8.101351,,,,,3875.523,3875.523,132804.5320833013
meeting,a1_4k,SparksWelding_4096x2160_5994_hdr10.y4m,2160p_or_higher,SSIM,2,10,35,1.0,6.94569,,,,,3845.387,3845.387,65364.84561592254
meeting,a1_4k,SparksWelding_4096x2160_5994_hdr10.y4m,2160p_or_higher,SSIM,2,10,44,1.0,6.204899,,,,,3927.48,3927.48,31738.092061784373
meeting,a1_4k,SparksWelding_4096x2160_5994_hdr10.y4m,2160p_or_higher,SSIM,2,10,52,1.0,6.329835,,,,,3897.676,3897.676,15934.56143856144
meeting,a1_4k,SparksWelding_4096x2160_5994_hdr10.y4m,2160p_or_higher,SSIM,2,10,60,1.0,5.680279,,,,,3960.879,3960.879,5818.57158226389
meeting,a1_4k,SparksWelding_4096x2160_5994_hdr10.y4m,2160p_or_higher,VMAF,5,1,18,1.0,345.880439,,,,,9020.543,9020.543,200259.8878045032
meeting,a1_4k,SparksWelding_4096x2160_5994_hdr10.y4m,2160p_or_higher,VMAF,5,1,26,1.0,350.586252,,,,,9140.105,9140.105,104689.7520940598
meeting,a1_4k,SparksWelding_4096x2160_5994_hdr10.y4m,2160p_or_higher,VMAF,5,1,35,1.0,320.08898,,,,,8738.746,8738.746,48888.68423883809
meeting,a1_4k,SparksWelding_4096x2160_5994_hdr10.y4m,2160p_or_higher,VMAF,5,1,44,1.0,314.830131,,,,,9288.945,9288.945,25453.26058556828
meeting,a1_4k,SparksWelding_4096x2160_5994_hdr10.y4m,2160p_or_higher,VMAF,5,1,52,1.0,337.337066,,,,,9227.613,9227.613,14084.741105048795
meeting,a1_4k,SparksWelding_4096x2160_5994_hdr10.y4m,2160p_or_higher,VMAF,5,1,60,1.0,344.674396,,,,,9608.352,9608.352,5562.942903250596
meeting,a1_4k,SparksWelding_4096x2160_5994_hdr10.y4m,2160p_or_higher,VMAF,5,10,18,1.0,11.136832,,,,,3789.836,3789.836,291495.36494274955
meeting,a1_4k,SparksWelding_4096x2160_5994_hdr10.y4m,2160p_or_higher,VMAF,5,10,26,1.0,9.018464,,,,,3907.246,3907.246,153598.08191808194
meeting,a1_4k,SparksWelding_4096x2160_5994_hdr10.y4m,2160p_or_higher,VMAF,5,10,35,1.0,7.444352,,,,,3857.453,3857.453,72086.42803350497
meeting,a1_4k,SparksWelding_4096x2160_5994_hdr10.y4m,2160p_or_higher,VMAF,5,10,44,1.0,6.527287,,,,,3967.543,3967.543,36023.526012449096
meeting,a1_4k,SparksWelding_4096x2160_5994_hdr10.y4m,2160p_or_higher,VMAF,5,10,52,1.0,6.574248,,,,,3923.777,3923.777,18448.89387535541
meeting,a1_4k,SparksWelding_4096x2160_5994_hdr10.y4m,2160p_or_higher,VMAF,5,10,60,1.0,5.734755,,,,,4034.391,4034.391,6500.859140859141
meeting,a1_4k,SparksWelding_4096x2160_5994_hdr10.y4m,2160p_or_higher,VQ,0,1,18,1.0,268.91301,,,,,9070.395,9070.395,169184.33443479598
meeting,a1_4k,SparksWelding_4096x2160_5994_hdr10.y4m,2160p_or_higher,VQ,0,1,26,1.0,296.249045,,,,,8520.652,8520.652,94603.62898639822
meeting,a1_4k,SparksWelding_4096x2160_5994_hdr10.y4m,2160p_or_higher,VQ,0,1,35,1.0,291.18581,,,,,9115.059,9115.059,46314.54822100976
meeting,a1_4k,SparksWelding_4096x2160_5994_hdr10.y4m,2160p_or_higher,VQ,0,1,44,1.0,289.826733,,,,,9067.043,9067.043,24047.94835933297
meeting,a1_4k,SparksWelding_4096x2160_5994_hdr10.y4m,2160p_or_higher,VQ,0,1,52,1.0,288.777673,,,,,8873.648,8873.648,13431.088296319069
meeting,a1_4k,SparksWelding_4096x2160_5994_hdr10.y4m,2160p_or_higher,VQ,0,1,60,1.0,306.899116,,,,,9162.629,9162.629,5362.130792284639
meeting,a1_4k,SparksWelding_4096x2160_5994_hdr10.y4m,2160p_or_higher,VQ,0,10,18,1.0,9.336707,,,,,3827.656,3827.656,247421.14746791671
meeting,a1_4k,SparksWelding_4096x2160_5994_hdr10.y4m,2160p_or_higher,VQ,0,10,26,1.0,8.092001,,,,,3927.574,3927.574,140508.8695919465
meeting,a1_4k,SparksWelding_4096x2160_5994_hdr10.y4m,2160p_or_higher,VQ,0,10,35,1.0,6.816539,,,,,3902.016,3902.016,68640.18074233459
meeting,a1_4k,SparksWelding_4096x2160_5994_hdr10.y4m,2160p_or_higher,VQ,0,10,44,1.0,6.015364,,,,,3947.148,3947.148,34337.03035426112
meeting,a1_4k,SparksWelding_4096x2160_5994_hdr10.y4m,2160p_or_higher,VQ,0,10,52,1.0,6.115667,,,,,3741.266,3741.266,17760.09959271498
meeting,a1_4k,SparksWelding_4096x2160_5994_hdr10.y4m,2160p_or_higher,VQ,0,10,60,1.0,5.337578,,,,,3850.414,3850.414,6439.705525243988
meeting,a1_4k,YachtRide_3840x2160_120fps_8bit.y4m,2160p_or_higher,MS_SSIM,4,1,18,1.0,970.236101,,,,,6559.938,6559.938,271550.68960000004
meeting,a1_4k,YachtRide_3840x2160_120fps_8bit.y4m,2160p_or_higher,MS_SSIM,4,1,26,1.0,1145.279993,,,,,6437.238,6437.238,163406.44
meeting,a1_4k,YachtRide_3840x2160_120fps_8bit.y4m,2160p_or_higher,MS_SSIM,4,1,35,1.0,1105.660333,,,,,6464.363,6464.363,97901.6048
meeting,a1_4k,YachtRide_3840x2160_120fps_8bit.y4m,2160p_or_higher,MS_SSIM,4,1,44,1.0,1190.59063,,,,,6500.102,6500.102,53192.6192
meeting,a1_4k,YachtRide_3840x2160_120fps_8bit.y4m,2160p_or_higher,MS_SSIM,4,1,52,1.0,1406.85148,,,,,6583.129,6583.129,31109.5008
meeting,a1_4k,YachtRide_3840x2160_120fps_8bit.y4m,2160p_or_higher,MS_SSIM,4,1,60,1.0,1191.771476,,,,,6514.609,6514.609,14403.0832
meeting,a1_4k,YachtRide_3840x2160_120fps_8bit.y4m,2160p_or_higher,MS_SSIM,4,10,18,1.0,37.851888,,,,,2752.223,2752.223,372157.9104
meeting,a1_4k,YachtRide_3840x2160_120fps_8bit.y4m,2160p_or_higher,MS_SSIM,4,10,26,1.0,29.741992,,,,,2670.117,2670.117,216964.4384
meeting,a1_4k,YachtRide_3840x2160_120fps_8bit.y4m,2160p_or_higher,MS_SSIM,4,10,35,1.0,23.645174,,,,,2740.602,2740.602,116204.0688
meeting,a1_4k,YachtRide_3840x2160_120fps_8bit.y4m,2160p_or_higher,MS_SSIM,4,10,44,1.0,21.829451,,,,,2722.191,2722.191,58229.6416
meeting,a1_4k,YachtRide_3840x2160_120fps_8bit.y4m,2160p_or_higher,MS_SSIM,4,10,52,1.0,21.469778,,,,,2656.199,2656.199,30497.5632
meeting,a1_4k,YachtRide_3840x2160_120fps_8bit.y4m,2160p_or_higher,MS_SSIM,4,10,60,1.0,19.17295,,,,,2699.102,2699.102,11968.696
meeting,a1_4k,YachtRide_3840x2160_120fps_8bit.y4m,2160p_or_higher,PSNR,1,1,18,1.0,874.783514,,,,,6440.133,6440.133,149795.944
meeting,a1_4k,YachtRide_3840x2160_120fps_8bit.y4m,2160p_or_higher,PSNR,1,1,26,1.0,1042.122326,,,,,6445.051,6445.051,94375.7952
meeting,a1_4k,YachtRide_3840x2160_120fps_8bit.y4m,2160p_or_higher,PSNR,1,1,35,1.0,935.298119,,,,,6494.945,6494.945,53308.0736
meeting,a1_4k,YachtRide_3840x2160_120fps_8bit.y4m,2160p_or_higher,PSNR,1,1,44,1.0,899.145089,,,,,6434.441,6434.441,28835.192
meeting,a1_4k,YachtRide_3840x2160_120fps_8bit.y4m,2160p_or_higher,PSNR,1,1,52,1.0,1012.767689,,,,,6411.828,6411.828,16671.0896
meeting,a1_4k,YachtRide_3840x2160_120fps_8bit.y4m,2160p_or_higher,PSNR,1,1,60,1.0,1027.010288,,,,,6598.547,6598.547,7142.102400000001
meeting,a1_4k,YachtRide_3840x2160_120fps_8bit.y4m,2160p_or_higher,PSNR,1,10,18,1.0,25.84103,,,,,2694.734,2694.734,221997.8896
meeting,a1_4k,YachtRide_3840x2160_120fps_8bit.y4m,2160p_or_higher,PSNR,1,10,26,1.0,21.609555,,,,,2687.812,2687.812,133004.5808
meeting,a1_4k,YachtRide_3840x2160_120fps_8bit.y4m,2160p_or_higher,PSNR,1,10,35,1.0,17.660384,,,,,2693.176,2693.176,67712.8912
meeting,a1_4k,YachtRide_3840x2160_120fps_8bit.y4m,2160p_or_higher,PSNR,1,10,44,1.0,16.931973,,,,,2694.828,2694.828,32610.88
meeting,a1_4k,YachtRide_3840x2160_120fps_8bit.y4m,2160p_or_higher,PSNR,1,10,52,1.0,17.587628,,,,,2699.656,2699.656,16519.1376
meeting,a1_4k,YachtRide_3840x2160_120fps_8bit.y4m,2160p_or_higher,PSNR,1,10,60,1.0,15.118497,,,,,2670.039,2670.039,6243.7712
meeting,a1_4k,YachtRide_3840x2160_120fps_8bit.y4m,2160p_or_higher,SSIM,2,1,18,1.0,908.639671,,,,,6454.922,6454.922,146503.4736
meeting,a1_4k,YachtRide_3840x2160_120fps_8bit.y4m,2160p_or_higher,SSIM,2,1,26,1.0,1086.312433,,,,,6483.168,6483.168,91698.6368
meeting,a1_4k,YachtRide_3840x2160_120fps_8bit.y4m,2160p_or_higher,SSIM,2,1,35,1.0,996.365584,,,,,6532.453,6532.453,51386.3456
meeting,a1_4k,YachtRide_3840x2160_120fps_8bit.y4m,2160p_or_higher,SSIM,2,1,44,1.0,914.397126,,,,,6500.723,6500.723,27374.0848
meeting,a1_4k,YachtRide_3840x2160_120fps_8bit.y4m,2160p_or_higher,SSIM,2,1,52,1.0,1055.861897,,,,,6493.625,6493.625,15740.4976
meeting,a1_4k,YachtRide_3840x2160_120fps_8bit.y4m,2160p_or_higher,SSIM,2,1,60,1.0,1062.34859,,,,,6616.492,6616.492,6724.161599999999
meeting,a1_4k,YachtRide_3840x2160_120fps_8bit.y4m,2160p_or_higher,SSIM,2,10,18,1.0,25.576247,,,,,2646.914,2646.914,212642.6912
meeting,a1_4k,YachtRide_3840x2160_120fps_8bit.y4m,2160p_or_higher,SSIM,2,10,26,1.0,21.81289,,,,,2697.262,2697.262,127484.2144
meeting,a1_4k,YachtRide_3840x2160_120fps_8bit.y4m,2160p_or_higher,SSIM,2,10,35,1.0,18.120024,,,,,2636.852,2636.852,64370.4544
meeting,a1_4k,YachtRide_3840x2160_120fps_8bit.y4m,2160p_or_higher,SSIM,2,10,44,1.0,17.892094,,,,,2755.656,2755.656,30718.9536
meeting,a1_4k,YachtRide_3840x2160_120fps_8bit.y4m,2160p_or_higher,SSIM,2,10,52,1.0,18.015385,,,,,2759.18,2759.18,15433.848
meeting,a1_4k,YachtRide_3840x2160_120fps_8bit.y4m,2160p_or_higher,SSIM,2,10,60,1.0,15.387066,,,,,2709.676,2709.676,6020.5072
meeting,a1_4k,YachtRide_3840x2160_120fps_8bit.y4m,2160p_or_higher,VMAF,5,1,18,1.0,874.138996,,,,,6440.297,6440.297,161770.416
meeting,a1_4k,YachtRide_3840x2160_120fps_8bit.y4m,2160p_or_higher,VMAF,5,1,26,1.0,1016.263236,,,,,6529.895,6529.895,99663.3264
meeting,a1_4k,YachtRide_3840x2160_120fps_8bit.y4m,2160p_or_higher,VMAF,5,1,35,1.0,974.752955,,,,,6520.965,6520.965,54967.1408
meeting,a1_4k,YachtRide_3840x2160_120fps_8bit.y4m,2160p_or_higher,VMAF,5,1,44,1.0,940.455961,,,,,6522.461,6522.461,29478.1312
meeting,a1_4k,YachtRide_3840x2160_120fps_8bit.y4m,2160p_or_higher,VMAF,5,1,52,1.0,1050.120083,,,,,6465.266,6465.266,17016.929600000003
meeting,a1_4k,YachtRide_3840x2160_120fps_8bit.y4m,2160p_or_higher,VMAF,5,1,60,1.0,1027.12659,,,,,6689.289,6689.289,7217.8464
meeting,a1_4k,YachtRide_3840x2160_120fps_8bit.y4m,2160p_or_higher,VMAF,5,10,18,1.0,30.07255,,,,,2731.531,2731.531,261914.688
meeting,a1_4k,YachtRide_3840x2160_120fps_8bit.y4m,2160p_or_higher,VMAF,5,10,26,1.0,24.776241,,,,,2784.352,2784.352,144055.7696
meeting,a1_4k,YachtRide_3840x2160_120fps_8bit.y4m,2160p_or_higher,VMAF,5,10,35,1.0,19.946554,,,,,2722.621,2722.621,71362.5408
meeting,a1_4k,YachtRide_3840x2160_120fps_8bit.y4m,2160p_or_higher,VMAF,5,10,44,1.0,18.931229,,,,,2733.688,2733.688,34191.139200000005
meeting,a1_4k,YachtRide_3840x2160_120fps_8bit.y4m,2160p_or_higher,VMAF,5,10,52,1.0,19.66251,,,,,2712.836,2712.836,17157.182399999998
meeting,a1_4k,YachtRide_3840x2160_120fps_8bit.y4m,2160p_or_higher,VMAF,5,10,60,1.0,16.951502,,,,,2660.816,2660.816,6443.0528
meeting,a1_4k,YachtRide_3840x2160_120fps_8bit.y4m,2160p_or_higher,VQ,0,1,18,1.0,824.799494,,,,,6477.961,6477.961,155611.44
meeting,a1_4k,YachtRide_3840x2160_120fps_8bit.y4m,2160p_or_higher,VQ,0,1,26,1.0,1005.708982,,,,,6373.312,6373.312,95458.304
meeting,a1_4k,YachtRide_3840x2160_120fps_8bit.y4m,2160p_or_higher,VQ,0,1,35,1.0,915.206561,,,,,6203.145,6203.145,53374.4832
meeting,a1_4k,YachtRide_3840x2160_120fps_8bit.y4m,2160p_or_higher,VQ,0,1,44,1.0,831.972207,,,,,6400.984,6400.984,29559.2288
meeting,a1_4k,YachtRide_3840x2160_120fps_8bit.y4m,2160p_or_higher,VQ,0,1,52,1.0,994.009006,,,,,6267.141,6267.141,17016.7536
meeting,a1_4k,YachtRide_3840x2160_120fps_8bit.y4m,2160p_or_higher,VQ,0,1,60,1.0,984.716951,,,,,6503.176,6503.176,7232.1392
meeting,a1_4k,YachtRide_3840x2160_120fps_8bit.y4m,2160p_or_higher,VQ,0,10,18,1.0,27.311952,,,,,2692.926,2692.926,254183.9568
meeting,a1_4k,YachtRide_3840x2160_120fps_8bit.y4m,2160p_or_higher,VQ,0,10,26,1.0,21.972701,,,,,2684.555,2684.555,142445.31519999998
meeting,a1_4k,YachtRide_3840x2160_120fps_8bit.y4m,2160p_or_higher,VQ,0,10,35,1.0,17.823664,,,,,2677.719,2677.719,70766.9056
meeting,a1_4k,YachtRide_3840x2160_120fps_8bit.y4m,2160p_or_higher,VQ,0,10,44,1.0,16.848744,,,,,2688.43,2688.43,34192.3088
meeting,a1_4k,YachtRide_3840x2160_120fps_8bit.y4m,2160p_or_higher,VQ,0,10,52,1.0,17.33453,,,,,2672.945,2672.945,17485.32
meeting,a1_4k,YachtRide_3840x2160_120fps_8bit.y4m,2160p_or_higher,VQ,0,10,60,1.0,14.778232,,,,,2657.949,2657.949,6647.169599999999
meeting,a4_360p,BlueSky_360p25.y4m,720p_or_lower,MS_SSIM,4,1,18,1.0,10.343003,,,,,288.797,288.797,1394.2
meeting,a4_360p,BlueSky_360p25.y4m,720p_or_lower,MS_SSIM,4,1,26,1.0,11.317533,,,,,297.312,297.312,892.6123076923076
meeting,a4_360p,BlueSky_360p25.y4m,720p_or_lower,MS_SSIM,4,1,35,1.0,12.125076,,,,,300.496,300.496,545.5153846153846
meeting,a4_360p,BlueSky_360p25.y4m,720p_or_lower,MS_SSIM,4,1,44,1.0,13.003769,,,,,317.824,317.824,349.88
meeting,a4_360p,BlueSky_360p25.y4m,720p_or_lower,MS_SSIM,4,1,52,1.0,13.839497,,,,,320.934,320.934,232.48615384615383
meeting,a4_360p,BlueSky_360p25.y4m,720p_or_lower,MS_SSIM,4,1,60,1.0,14.865652,,,,,299.465,299.465,125.64615384615384
meeting,a4_360p,BlueSky_360p25.y4m,720p_or_lower,MS_SSIM,4,10,18,1.0,0.31749,,,,,132.988,132.988,2090.196923076923
meeting,a4_360p,BlueSky_360p25.y4m,720p_or_lower,MS_SSIM,4,10,26,1.0,0.318975,,,,,135.02,135.02,1287.816923076923
meeting,a4_360p,BlueSky_360p25.y4m,720p_or_lower,MS_SSIM,4,10,35,1.0,0.321452,,,,,134.055,134.055,665.7384615384615
meeting,a4_360p,BlueSky_360p25.y4m,720p_or_lower,MS_SSIM,4,10,44,1.0,0.33569,,,,,132.32,132.32,360.4507692307692
meeting,a4_360p,BlueSky_360p25.y4m,720p_or_lower,MS_SSIM,4,10,52,1.0,0.318069,,,,,132.625,132.625,247.35692307692307
meeting,a4_360p,BlueSky_360p25.y4m,720p_or_lower,MS_SSIM,4,10,60,1.0,0.338081,,,,,128.75,128.75,139.44923076923075
meeting,a4_360p,BlueSky_360p25.y4m,720p_or_lower,PSNR,1,1,18,1.0,10.854521,,,,,291.434,291.434,1376.576923076923
meeting,a4_360p,BlueSky_360p25.y4m,720p_or_lower,PSNR,1,1,26,1.0,11.615456,,,,,292.48,292.48,856.6307692307693
meeting,a4_360p,BlueSky_360p25.y4m,720p_or_lower,PSNR,1,1,35,1.0,11.853397,,,,,294.984,294.984,504.9138461538461
meeting,a4_360p,BlueSky_360p25.y4m,720p_or_lower,PSNR,1,1,44,1.0,12.052664,,,,,296.211,296.211,308.31538461538463
meeting,a4_360p,BlueSky_360p25.y4m,720p_or_lower,PSNR,1,1,52,1.0,14.15253,,,,,303.484,303.484,198.1
meeting,a4_360p,BlueSky_360p25.y4m,720p_or_lower,PSNR,1,1,60,1.0,20.187868,,,,,389.207,389.207,105.00307692307692
meeting,a4_360p,BlueSky_360p25.y4m,720p_or_lower,PSNR,1,10,18,1.0,0.324969,,,,,135.773,135.773,2399.427692307692
meeting,a4_360p,BlueSky_360p25.y4m,720p_or_lower,PSNR,1,10,26,1.0,0.317226,,,,,133.809,133.809,1429.9046153846152
meeting,a4_360p,BlueSky_360p25.y4m,720p_or_lower,PSNR,1,10,35,1.0,0.323717,,,,,132.461,132.461,711.2646153846154
meeting,a4_360p,BlueSky_360p25.y4m,720p_or_lower,PSNR,1,10,44,1.0,0.33822,,,,,129.355,129.355,349.9476923076923
meeting,a4_360p,BlueSky_360p25.y4m,720p_or_lower,PSNR,1,10,52,1.0,0.337578,,,,,129.254,129.254,223.01384615384612
meeting,a4_360p,BlueSky_360p25.y4m,720p_or_lower,PSNR,1,10,60,1.0,0.334214,,,,,131.84,131.84,123.0676923076923
meeting,a4_360p,BlueSky_360p25.y4m,720p_or_lower,SSIM,2,1,18,1.0,10.600061,,,,,283.215,283.215,1090.7446153846154
meeting,a4_360p,BlueSky_360p25.y4m,720p_or_lower,SSIM,2,1,26,1.0,11.595499,,,,,295.082,295.082,674.1938461538462
meeting,a4_360p,BlueSky_360p25.y4m,720p_or_lower,SSIM,2,1,35,1.0,11.510889,,,,,297.43,297.43,398.5076923076923
meeting,a4_360p,BlueSky_360p25.y4m,720p_or_lower,SSIM,2,1,44,1.0,12.125672,,,,,293.758,293.758,250.6630769230769
meeting,a4_360p,BlueSky_360p25.y4m,720p_or_lower,SSIM,2,1,52,1.0,14.060297,,,,,298.145,298.145,162.12
meeting,a4_360p,BlueSky_360p25.y4m,720p_or_lower,SSIM,2,1,60,1.0,19.916065,,,,,390.684,390.684,87.62923076923076
meeting,a4_360p,BlueSky_360p25.y4m,720p_or_lower,SSIM,2,10,18,1.0,0.31698,,,,,134.719,134.719,2260.0892307692307
meeting,a4_360p,BlueSky_360p25.y4m,720p_or_lower,SSIM,2,10,26,1.0,0.321566,,,,,134.172,134.172,1302.1692307692308
meeting,a4_360p,BlueSky_360p25.y4m,720p_or_lower,SSIM,2,10,35,1.0,0.331906,,,,,135.086,135.086,584.8107692307692
meeting,a4_360p,BlueSky_360p25.y4m,720p_or_lower,SSIM,2,10,44,1.0,0.337274,,,,,133.027,133.027,272.29692307692306
meeting,a4_360p,BlueSky_360p25.y4m,720p_or_lower,SSIM,2,10,52,1.0,0.335872,,,,,129.676,129.676,178.05384615384617
meeting,a4_360p,BlueSky_360p25.y4m,720p_or_lower,SSIM,2,10,60,1.0,0.336938,,,,,130.73,130.73,102.40923076923076
meeting,a4_360p,BlueSky_360p25.y4m,720p_or_lower,VMAF,5,1,18,1.0,11.061961,,,,,285.066,285.066,1471.7661538461537
meeting,a4_360p,BlueSky_360p25.y4m,720p_or_lower,VMAF,5,1,26,1.0,12.221223,,,,,288.809,288.809,907.8353846153848
meeting,a4_360p,BlueSky_360p25.y4m,720p_or_lower,VMAF,5,1,35,1.0,12.140614,,,,,286.227,286.227,517.3076923076923
meeting,a4_360p,BlueSky_360p25.y4m,720p_or_lower,VMAF,5,1,44,1.0,12.257599,,,,,295.488,295.488,322.7461538461538
meeting,a4_360p,BlueSky_360p25.y4m,720p_or_lower,VMAF,5,1,52,1.0,14.507531,,,,,291.438,291.438,209.03846153846152
meeting,a4_360p,BlueSky_360p25.y4m,720p_or_lower,VMAF,5,1,60,1.0,20.467276,,,,,389.25,389.25,111.98307692307692
meeting,a4_360p,BlueSky_360p25.y4m,720p_or_lower,VMAF,5,10,18,1.0,0.322723,,,,,134.977,134.977,2716.770769230769
meeting,a4_360p,BlueSky_360p25.y4m,720p_or_lower,VMAF,5,10,26,1.0,0.331814,,,,,133.336,133.336,1572.036923076923
meeting,a4_360p,BlueSky_360p25.y4m,720p_or_lower,VMAF,5,10,35,1.0,0.32092,,,,,134.43,134.43,751.9507692307692
meeting,a4_360p,BlueSky_360p25.y4m,720p_or_lower,VMAF,5,10,44,1.0,0.334296,,,,,132.559,132.559,372.2846153846154
meeting,a4_360p,BlueSky_360p25.y4m,720p_or_lower,VMAF,5,10,52,1.0,0.337704,,,,,130.426,130.426,237.02
meeting,a4_360p,BlueSky_360p25.y4m,720p_or_lower,VMAF,5,10,60,1.0,0.336108,,,,,130.926,130.926,128.90615384615384
meeting,a4_360p,BlueSky_360p25.y4m,720p_or_lower,VQ,0,1,18,1.0,10.679597,,,,,277.957,277.957,1400.2046153846152
meeting,a4_360p,BlueSky_360p25.y4m,720p_or_lower,VQ,0,1,26,1.0,11.885297,,,,,296.5,296.5,872.5
meeting,a4_360p,BlueSky_360p25.y4m,720p_or_lower,VQ,0,1,35,1.0,11.682042,,,,,291.961,291.961,512.4461538461538
meeting,a4_360p,BlueSky_360p25.y4m,720p_or_lower,VQ,0,1,44,1.0,12.065583,,,,,291.883,291.883,316.42
meeting,a4_360p,BlueSky_360p25.y4m,720p_or_lower,VQ,0,1,52,1.0,13.812028,,,,,287.449,287.449,205.38153846153847
meeting,a4_360p,BlueSky_360p25.y4m,720p_or_lower,VQ,0,1,60,1.0,20.220366,,,,,387.258,387.258,109.09384615384616
meeting,a4_360p,BlueSky_360p25.y4m,720p_or_lower,VQ,0,10,18,1.0,0.318199,,,,,134.383,134.383,2437.2692307692305
meeting,a4_360p,BlueSky_360p25.y4m,720p_or_lower,VQ,0,10,26,1.0,0.320339,,,,,135.867,135.867,1442.4415384615386
meeting,a4_360p,BlueSky_360p25.y4m,720p_or_lower,VQ,0,10,35,1.0,0.327457,,,,,131.93,131.93,727.3
meeting,a4_360p,BlueSky_360p25.y4m,720p_or_lower,VQ,0,10,44,1.0,0.324427,,,,,130.535,130.535,358.5323076923077
meeting,a4_360p,BlueSky_360p25.y4m,720p_or_lower,VQ,0,10,52,1.0,0.325747,,,,,128.949,128.949,234.2153846153846
meeting,a4_360p,BlueSky_360p25.y4m,720p_or_lower,VQ,0,10,60,1.0,0.321807,,,,,128.012,128.012,130.6723076923077
meeting,a4_360p,BlueSky_360p25_v2.y4m,720p_or_lower,MS_SSIM,4,1,18,1.0,10.769332,,,,,295.699,295.699,1509.6861538461535
meeting,a4_360p,BlueSky_360p25_v2.y4m,720p_or_lower,MS_SSIM,4,1,26,1.0,11.822995,,,,,304.086,304.086,996.6123076923076
meeting,a4_360p,BlueSky_360p25_v2.y4m,720p_or_lower,MS_SSIM,4,1,35,1.0,12.350585,,,,,316.234,316.234,623.5707692307692
meeting,a4_360p,BlueSky_360p25_v2.y4m,720p_or_lower,MS_SSIM,4,1,44,1.0,12.761167,,,,,327.027,327.027,408.0984615384615
meeting,a4_360p,BlueSky_360p25_v2.y4m,720p_or_lower,MS_SSIM,4,1,52,1.0,13.596429,,,,,330.602,330.602,276.5292307692308
meeting,a4_360p,BlueSky_360p25_v2.y4m,720p_or_lower,MS_SSIM,4,1,60,1.0,15.196535,,,,,317.953,317.953,147.71538461538464
meeting,a4_360p,BlueSky_360p25_v2.y4m,720p_or_lower,MS_SSIM,4,10,18,1.0,0.440508,,,,,134.062,134.062,2432.107692307692
meeting,a4_360p,BlueSky_360p25_v2.y4m,720p_or_lower,MS_SSIM,4,10,26,1.0,0.438404,,,,,134.473,134.473,1524.5061538461537
meeting,a4_360p,BlueSky_360p25_v2.y4m,720p_or_lower,MS_SSIM,4,10,35,1.0,0.336484,,,,,132.684,132.684,805.9076923076923
meeting,a4_360p,BlueSky_360p25_v2.y4m,720p_or_lower,MS_SSIM,4,10,44,1.0,0.317908,,,,,133.098,133.098,428.8061538461538
meeting,a4_360p,BlueSky_360p25_v2.y4m,720p_or_lower,MS_SSIM,4,10,52,1.0,0.441411,,,,,133.562,133.562,279.14
meeting,a4_360p,BlueSky_360p25_v2.y4m,720p_or_lower,MS_SSIM,4,10,60,1.0,0.336667,,,,,129.086,129.086,156.52923076923076
meeting,a4_360p,BlueSky_360p25_v2.y4m,720p_or_lower,PSNR,1,1,18,1.0,10.962866,,,,,297.383,297.383,1465.9876923076922
meeting,a4_360p,BlueSky_360p25_v2.y4m,720p_or_lower,PSNR,1,1,26,1.0,12.421346,,,,,305.664,305.664,941.1553846153846
meeting,a4_360p,BlueSky_360p25_v2.y4m,720p_or_lower,PSNR,1,1,35,1.0,12.241061,,,,,305.977,305.977,569.9938461538461
meeting,a4_360p,BlueSky_360p25_v2.y4m,720p_or_lower,PSNR,1,1,44,1.0,11.455532,,,,,314.996,314.996,357.4569230769231
meeting,a4_360p,BlueSky_360p25_v2.y4m,720p_or_lower,PSNR,1,1,52,1.0,14.794669,,,,,311.316,311.316,235.8553846153846
meeting,a4_360p,BlueSky_360p25_v2.y4m,720p_or_lower,PSNR,1,1,60,1.0,21.295135,,,,,442.809,442.809,123.50461538461538
meeting,a4_360p,BlueSky_360p25_v2.y4m,720p_or_lower,PSNR,1,10,18,1.0,0.439027,,,,,133.57,133.57,2835.2753846153846
meeting,a4_360p,BlueSky_360p25_v2.y4m,720p_or_lower,PSNR,1,10,26,1.0,0.333449,,,,,133.227,133.227,1690.18
meeting,a4_360p,BlueSky_360p25_v2.y4m,720p_or_lower,PSNR,1,10,35,1.0,0.323557,,,,,135.215,135.215,859.5507692307692
meeting,a4_360p,BlueSky_360p25_v2.y4m,720p_or_lower,PSNR,1,10,44,1.0,0.327686,,,,,133.379,133.379,416.36923076923074
meeting,a4_360p,BlueSky_360p25_v2.y4m,720p_or_lower,PSNR,1,10,52,1.0,0.338046,,,,,128.848,128.848,250.73846153846156
meeting,a4_360p,BlueSky_360p25_v2.y4m,720p_or_lower,PSNR,1,10,60,1.0,0.318899,,,,,129.074,129.074,138.33076923076922
meeting,a4_360p,BlueSky_360p25_v2.y4m,720p_or_lower,SSIM,2,1,18,1.0,10.500872,,,,,286.059,286.059,1180.3323076923075
meeting,a4_360p,BlueSky_360p25_v2.y4m,720p_or_lower,SSIM,2,1,26,1.0,11.924444,,,,,298.75,298.75,755.2630769230768
meeting,a4_360p,BlueSky_360p25_v2.y4m,720p_or_lower,SSIM,2,1,35,1.0,11.613516,,,,,311.613,311.613,457.4769230769231
meeting,a4_360p,BlueSky_360p25_v2.y4m,720p_or_lower,SSIM,2,1,44,1.0,12.01281,,,,,325.641,325.641,292.7861538461538
meeting,a4_360p,BlueSky_360p25_v2.y4m,720p_or_lower,SSIM,2,1,52,1.0,14.263067,,,,,332.719,332.719,195.2230769230769
meeting,a4_360p,BlueSky_360p25_v2.y4m,720p_or_lower,SSIM,2,1,60,1.0,21.481956,,,,,459.004,459.004,103.6553846153846
meeting,a4_360p,BlueSky_360p25_v2.y4m,720p_or_lower,SSIM,2,10,18,1.0,0.317826,,,,,135.285,135.285,2680.4123076923074
meeting,a4_360p,BlueSky_360p25_v2.y4m,720p_or_lower,SSIM,2,10,26,1.0,0.334085,,,,,134.059,134.059,1570.7107692307693
meeting,a4_360p,BlueSky_360p25_v2.y4m,720p_or_lower,SSIM,2,10,35,1.0,0.320409,,,,,135.395,135.395,745.0984615384615
meeting,a4_360p,BlueSky_360p25_v2.y4m,720p_or_lower,SSIM,2,10,44,1.0,0.322777,,,,,132.238,132.238,336.4707692307692
meeting,a4_360p,BlueSky_360p25_v2.y4m,720p_or_lower,SSIM,2,10,52,1.0,0.336699,,,,,129.008,129.008,206.3753846153846
meeting,a4_360p,BlueSky_360p25_v2.y4m,720p_or_lower,SSIM,2,10,60,1.0,0.317248,,,,,129.414,129.414,115.96461538461536
meeting,a4_360p,BlueSky_360p25_v2.y4m,720p_or_lower,VMAF,5,1,18,1.0,11.003546,,,,,298.418,298.418,1556.1892307692308
meeting,a4_360p,BlueSky_360p25_v2.y4m,720p_or_lower,VMAF,5,1,26,1.0,12.268538,,,,,304.586,304.586,982.4676923076922
meeting,a4_360p,BlueSky_360p25_v2.y4m,720p_or_lower,VMAF,5,1,35,1.0,11.747701,,,,,312.027,312.027,580.6846153846154
meeting,a4_360p,BlueSky_360p25_v2.y4m,720p_or_lower,VMAF,5,1,44,1.0,12.099118,,,,,318.785,318.785,374.04
meeting,a4_360p,BlueSky_360p25_v2.y4m,720p_or_lower,VMAF,5,1,52,1.0,14.770007,,,,,331.566,331.566,247.39692307692303
meeting,a4_360p,BlueSky_360p25_v2.y4m,720p_or_lower,VMAF,5,1,60,1.0,21.374619,,,,,446.832,446.832,129.1507692307692
meeting,a4_360p,BlueSky_360p25_v2.y4m,720p_or_lower,VMAF,5,10,18,1.0,0.422774,,,,,135.82,135.82,3187.127692307692
meeting,a4_360p,BlueSky_360p25_v2.y4m,720p_or_lower,VMAF,5,10,26,1.0,0.317225,,,,,134.477,134.477,1837.4907692307693
meeting,a4_360p,BlueSky_360p25_v2.y4m,720p_or_lower,VMAF,5,10,35,1.0,0.321305,,,,,135.016,135.016,911.1123076923076
meeting,a4_360p,BlueSky_360p25_v2.y4m,720p_or_lower,VMAF,5,10,44,1.0,0.319715,,,,,130.859,130.859,451.1769230769231
meeting,a4_360p,BlueSky_360p25_v2.y4m,720p_or_lower,VMAF,5,10,52,1.0,0.440918,,,,,131.828,131.828,263.54923076923075
meeting,a4_360p,BlueSky_360p25_v2.y4m,720p_or_lower,VMAF,5,10,60,1.0,0.337825,,,,,133.367,133.367,145.25846153846152
meeting,a4_360p,BlueSky_360p25_v2.y4m,720p_or_lower,VQ,0,1,18,1.0,10.349376,,,,,292.531,292.531,1483.4692307692308
meeting,a4_360p,BlueSky_360p25_v2.y4m,720p_or_lower,VQ,0,1,26,1.0,11.423079,,,,,303.594,303.594,956.7907692307692
meeting,a4_360p,BlueSky_360p25_v2.y4m,720p_or_lower,VQ,0,1,35,1.0,11.107993,,,,,302.246,302.246,580.5061538461539
meeting,a4_360p,BlueSky_360p25_v2.y4m,720p_or_lower,VQ,0,1,44,1.0,11.276141,,,,,311.281,311.281,367.96153846153845
meeting,a4_360p,BlueSky_360p25_v2.y4m,720p_or_lower,VQ,0,1,52,1.0,13.735923,,,,,312.477,312.477,244.1230769230769
meeting,a4_360p,BlueSky_360p25_v2.y4m,720p_or_lower,VQ,0,1,60,1.0,21.339993,,,,,430.336,430.336,129.5276923076923
meeting,a4_360p,BlueSky_360p25_v2.y4m,720p_or_lower,VQ,0,10,18,1.0,0.31801,,,,,133.332,133.332,2871.0615384615385
meeting,a4_360p,BlueSky_360p25_v2.y4m,720p_or_lower,VQ,0,10,26,1.0,0.333642,,,,,131.66,131.66,1709.6584615384616
meeting,a4_360p,BlueSky_360p25_v2.y4m,720p_or_lower,VQ,0,10,35,1.0,0.337432,,,,,133.652,133.652,880.1507692307692
meeting,a4_360p,BlueSky_360p25_v2.y4m,720p_or_lower,VQ,0,10,44,1.0,0.336284,,,,,132.258,132.258,428.5
meeting,a4_360p,BlueSky_360p25_v2.y4m,720p_or_lower,VQ,0,10,52,1.0,0.338601,,,,,128.684,128.684,262.07692307692304
meeting,a4_360p,BlueSky_360p25_v2.y4m,720p_or_lower,VQ,0,10,60,1.0,0.335338,,,,,127.777,127.777,147.6
meeting,a4_360p,RedKayak_360_2997.y4m,720p_or_lower,MS_SSIM,4,1,18,1.0,16.123068,,,,,323.906,323.906,10360.720510258972
meeting,a4_360p,RedKayak_360_2997.y4m,720p_or_lower,MS_SSIM,4,1,26,1.0,17.854679,,,,,326.98,326.98,7600.18750480289
meeting,a4_360p,RedKayak_360_2997.y4m,720p_or_lower,MS_SSIM,4,1,35,1.0,18.302498,,,,,336.289,336.289,4736.118650580189
meeting,a4_360p,RedKayak_360_2997.y4m,720p_or_lower,MS_SSIM,4,1,44,1.0,19.154544,,,,,340.02,340.02,2239.569046338277
meeting,a4_360p,RedKayak_360_2997.y4m,720p_or_lower,MS_SSIM,4,1,52,1.0,25.558902,,,,,352.418,352.418,1001.6961500038424
meeting,a4_360p,RedKayak_360_2997.y4m,720p_or_lower,MS_SSIM,4,1,60,1.0,21.344191,,,,,355.879,355.879,327.9145469914701
meeting,a4_360p,RedKayak_360_2997.y4m,720p_or_lower,MS_SSIM,4,10,18,1.0,0.629626,,,,,146.957,146.957,12126.746484284946
meeting,a4_360p,RedKayak_360_2997.y4m,720p_or_lower,MS_SSIM,4,10,26,1.0,0.637023,,,,,147.051,147.051,8790.372089449012
meeting,a4_360p,RedKayak_360_2997.y4m,720p_or_lower,MS_SSIM,4,10,35,1.0,0.64514,,,,,143.516,143.516,5577.695535233996
meeting,a4_360p,RedKayak_360_2997.y4m,720p_or_lower,MS_SSIM,4,10,44,1.0,0.542539,,,,,143.977,143.977,2853.207715361561
meeting,a4_360p,RedKayak_360_2997.y4m,720p_or_lower,MS_SSIM,4,10,52,1.0,0.442705,,,,,142.977,142.977,1322.7056020902176
meeting,a4_360p,RedKayak_360_2997.y4m,720p_or_lower,MS_SSIM,4,10,60,1.0,0.339253,,,,,140.664,140.664,389.6067009913164
meeting,a4_360p,RedKayak_360_2997.y4m,720p_or_lower,PSNR,1,1,18,1.0,15.337295,,,,,311.605,311.605,8486.090524859756
meeting,a4_360p,RedKayak_360_2997.y4m,720p_or_lower,PSNR,1,1,26,1.0,18.387032,,,,,322.328,322.328,6010.929378313994
meeting,a4_360p,RedKayak_360_2997.y4m,720p_or_lower,PSNR,1,1,35,1.0,18.499488,,,,,333.168,333.168,3385.6359025589795
meeting,a4_360p,RedKayak_360_2997.y4m,720p_or_lower,PSNR,1,1,44,1.0,16.741874,,,,,337.605,337.605,1521.9592714977332
meeting,a4_360p,RedKayak_360_2997.y4m,720p_or_lower,PSNR,1,1,52,1.0,23.398786,,,,,349.305,349.305,606.2116345193268
meeting,a4_360p,RedKayak_360_2997.y4m,720p_or_lower,PSNR,1,1,60,1.0,21.860815,,,,,536.457,536.457,151.2241604549297
meeting,a4_360p,RedKayak_360_2997.y4m,720p_or_lower,PSNR,1,10,18,1.0,0.530721,,,,,144.957,144.957,11542.317989702606
meeting,a4_360p,RedKayak_360_2997.y4m,720p_or_lower,PSNR,1,10,26,1.0,0.526247,,,,,139.137,139.137,8470.755091062783
meeting,a4_360p,RedKayak_360_2997.y4m,720p_or_lower,PSNR,1,10,35,1.0,0.422418,,,,,141.711,141.711,5006.079459002537
meeting,a4_360p,RedKayak_360_2997.y4m,720p_or_lower,PSNR,1,10,44,1.0,0.423531,,,,,141.625,141.625,2326.924767540152
meeting,a4_360p,RedKayak_360_2997.y4m,720p_or_lower,PSNR,1,10,52,1.0,0.320769,,,,,142.645,142.645,921.5867209713364
meeting,a4_360p,RedKayak_360_2997.y4m,720p_or_lower,PSNR,1,10,60,1.0,0.319765,,,,,131.066,131.066,209.0524859755629
meeting,a4_360p,RedKayak_360_2997.y4m,720p_or_lower,SSIM,2,1,18,1.0,15.673891,,,,,320.336,320.336,8415.088296319065
meeting,a4_360p,RedKayak_360_2997.y4m,720p_or_lower,SSIM,2,1,26,1.0,18.392476,,,,,317.09,317.09,5821.876584953508
meeting,a4_360p,RedKayak_360_2997.y4m,720p_or_lower,SSIM,2,1,35,1.0,19.917299,,,,,334.098,334.098,3092.0900637823715
meeting,a4_360p,RedKayak_360_2997.y4m,720p_or_lower,SSIM,2,1,44,1.0,17.440102,,,,,342.203,342.203,1264.7463305924844
meeting,a4_360p,RedKayak_360_2997.y4m,720p_or_lower,SSIM,2,1,52,1.0,23.593157,,,,,345.758,345.758,496.79428264043656
meeting,a4_360p,RedKayak_360_2997.y4m,720p_or_lower,SSIM,2,1,60,1.0,21.052189,,,,,541.797,541.797,138.0594789825559
meeting,a4_360p,RedKayak_360_2997.y4m,720p_or_lower,SSIM,2,10,18,1.0,0.526103,,,,,141.949,141.949,11568.778298624457
meeting,a4_360p,RedKayak_360_2997.y4m,720p_or_lower,SSIM,2,10,26,1.0,0.423863,,,,,144.281,144.281,8499.100284331054
meeting,a4_360p,RedKayak_360_2997.y4m,720p_or_lower,SSIM,2,10,35,1.0,0.431595,,,,,138.773,138.773,5011.824483209099
meeting,a4_360p,RedKayak_360_2997.y4m,720p_or_lower,SSIM,2,10,44,1.0,0.441873,,,,,143.301,143.301,2205.021440098364
meeting,a4_360p,RedKayak_360_2997.y4m,720p_or_lower,SSIM,2,10,52,1.0,0.317487,,,,,137.996,137.996,792.2729578114194
meeting,a4_360p,RedKayak_360_2997.y4m,720p_or_lower,SSIM,2,10,60,1.0,0.318796,,,,,134.762,134.762,186.3896103896104
meeting,a4_360p,RedKayak_360_2997.y4m,720p_or_lower,VMAF,5,1,18,1.0,15.897431,,,,,314.152,314.152,8975.42826404365
meeting,a4_360p,RedKayak_360_2997.y4m,720p_or_lower,VMAF,5,1,26,1.0,18.940286,,,,,319.75,319.75,6327.488511488512
meeting,a4_360p,RedKayak_360_2997.y4m,720p_or_lower,VMAF,5,1,35,1.0,19.263844,,,,,334.172,334.172,3553.6395911780533
meeting,a4_360p,RedKayak_360_2997.y4m,720p_or_lower,VMAF,5,1,44,1.0,17.455353,,,,,340.152,340.152,1615.96557288865
meeting,a4_360p,RedKayak_360_2997.y4m,720p_or_lower,VMAF,5,1,52,1.0,23.367754,,,,,349.789,349.789,644.955044955045
meeting,a4_360p,RedKayak_360_2997.y4m,720p_or_lower,VMAF,5,1,60,1.0,22.6488,,,,,555.871,555.871,156.67593944517023
meeting,a4_360p,RedKayak_360_2997.y4m,720p_or_lower,VMAF,5,10,18,1.0,0.530717,,,,,145.316,145.316,12138.018904172752
meeting,a4_360p,RedKayak_360_2997.y4m,720p_or_lower,VMAF,5,10,26,1.0,0.529454,,,,,142.109,142.109,8865.844924306464
meeting,a4_360p,RedKayak_360_2997.y4m,720p_or_lower,VMAF,5,10,35,1.0,0.427805,,,,,143.488,143.488,5235.64251133482
meeting,a4_360p,RedKayak_360_2997.y4m,720p_or_lower,VMAF,5,10,44,1.0,0.319718,,,,,142.039,142.039,2474.939829401368
meeting,a4_360p,RedKayak_360_2997.y4m,720p_or_lower,VMAF,5,10,52,1.0,0.335255,,,,,138.562,138.562,986.3920694689926
meeting,a4_360p,RedKayak_360_2997.y4m,720p_or_lower,VMAF,5,10,60,1.0,0.317442,,,,,132.598,132.598,218.83654806731727
meeting,a4_360p,RedKayak_360_2997.y4m,720p_or_lower,VQ,0,1,18,1.0,15.040262,,,,,307.75,307.75,8582.357949742565
meeting,a4_360p,RedKayak_360_2997.y4m,720p_or_lower,VQ,0,1,26,1.0,17.751664,,,,,316.781,316.781,6084.107892107892
meeting,a4_360p,RedKayak_360_2997.y4m,720p_or_lower,VQ,0,1,35,1.0,18.474529,,,,,329.93,329.93,3446.619841696765
meeting,a4_360p,RedKayak_360_2997.y4m,720p_or_lower,VQ,0,1,44,1.0,16.913974,,,,,333.184,333.184,1559.3434258049645
meeting,a4_360p,RedKayak_360_2997.y4m,720p_or_lower,VQ,0,1,52,1.0,22.847529,,,,,345.293,345.293,611.3886113886115
meeting,a4_360p,RedKayak_360_2997.y4m,720p_or_lower,VQ,0,1,60,1.0,21.076979,,,,,545.73,545.73,154.30046876200723
meeting,a4_360p,RedKayak_360_2997.y4m,720p_or_lower,VQ,0,10,18,1.0,0.527311,,,,,142.84,142.84,11620.389456697148
meeting,a4_360p,RedKayak_360_2997.y4m,720p_or_lower,VQ,0,10,26,1.0,0.421214,,,,,140.457,140.457,8533.710597095214
meeting,a4_360p,RedKayak_360_2997.y4m,720p_or_lower,VQ,0,10,35,1.0,0.436827,,,,,141.652,141.652,5060.964266502729
meeting,a4_360p,RedKayak_360_2997.y4m,720p_or_lower,VQ,0,10,44,1.0,0.336603,,,,,136.688,136.688,2376.1364789057097
meeting,a4_360p,RedKayak_360_2997.y4m,720p_or_lower,VQ,0,10,52,1.0,0.317061,,,,,140.141,140.141,947.7298086528856
meeting,a4_360p,RedKayak_360_2997.y4m,720p_or_lower,VQ,0,10,60,1.0,0.216974,,,,,132.996,132.996,219.91915776531164
meeting,a4_360p,SnowMountain_640x360_2997.y4m,720p_or_lower,MS_SSIM,4,1,18,1.0,5.125462,,,,,316.309,316.309,674.5617459463614
meeting,a4_360p,SnowMountain_640x360_2997.y4m,720p_or_lower,MS_SSIM,4,1,26,1.0,5.231035,,,,,316.836,316.836,459.5761161915008
meeting,a4_360p,SnowMountain_640x360_2997.y4m,720p_or_lower,MS_SSIM,4,1,35,1.0,5.03121,,,,,333.281,333.281,297.89840928302465
meeting,a4_360p,SnowMountain_640x360_2997.y4m,720p_or_lower,MS_SSIM,4,1,44,1.0,4.82866,,,,,332.184,332.184,191.56658725889497
meeting,a4_360p,SnowMountain_640x360_2997.y4m,720p_or_lower,MS_SSIM,4,1,52,1.0,5.340174,,,,,348.691,348.691,142.91554599246908
meeting,a4_360p,SnowMountain_640x360_2997.y4m,720p_or_lower,MS_SSIM,4,1,60,1.0,5.96928,,,,,348.797,348.797,98.0748482286944
meeting,a4_360p,SnowMountain_640x360_2997.y4m,720p_or_lower,MS_SSIM,4,10,18,1.0,0.333971,,,,,134.328,134.328,1150.3788519173136
meeting,a4_360p,SnowMountain_640x360_2997.y4m,720p_or_lower,MS_SSIM,4,10,26,1.0,0.231622,,,,,123.48,123.48,561.6125413048491
meeting,a4_360p,SnowMountain_640x360_2997.y4m,720p_or_lower,MS_SSIM,4,10,35,1.0,0.229348,,,,,124.891,124.891,313.39798662875586
meeting,a4_360p,SnowMountain_640x360_2997.y4m,720p_or_lower,MS_SSIM,4,10,44,1.0,0.230472,,,,,124.547,124.547,183.59917006070853
meeting,a4_360p,SnowMountain_640x360_2997.y4m,720p_or_lower,MS_SSIM,4,10,52,1.0,0.230253,,,,,123.629,123.629,125.6491201106586
meeting,a4_360p,SnowMountain_640x360_2997.y4m,720p_or_lower,MS_SSIM,4,10,60,1.0,0.230505,,,,,120.465,120.465,79.23338200261279
meeting,a4_360p,SnowMountain_640x360_2997.y4m,720p_or_lower,PSNR,1,1,18,1.0,5.539799,,,,,307.887,307.887,749.9571198032737
meeting,a4_360p,SnowMountain_640x360_2997.y4m,720p_or_lower,PSNR,1,1,26,1.0,5.36704,,,,,314.039,314.039,458.0176746330593
meeting,a4_360p,SnowMountain_640x360_2997.y4m,720p_or_lower,PSNR,1,1,35,1.0,4.814903,,,,,326.242,326.242,284.0937524014447
meeting,a4_360p,SnowMountain_640x360_2997.y4m,720p_or_lower,PSNR,1,1,44,1.0,5.232945,,,,,332.641,332.641,189.93990624759851
meeting,a4_360p,SnowMountain_640x360_2997.y4m,720p_or_lower,PSNR,1,1,52,1.0,5.654215,,,,,343.898,343.898,136.21148082686543
meeting,a4_360p,SnowMountain_640x360_2997.y4m,720p_or_lower,PSNR,1,1,60,1.0,8.545393,,,,,497.68,497.68,91.49804042111734
meeting,a4_360p,SnowMountain_640x360_2997.y4m,720p_or_lower,PSNR,1,10,18,1.0,0.224886,,,,,126.609,126.609,1177.7520940597865
meeting,a4_360p,SnowMountain_640x360_2997.y4m,720p_or_lower,PSNR,1,10,26,1.0,0.212721,,,,,128.082,128.082,573.9731038192577
meeting,a4_360p,SnowMountain_640x360_2997.y4m,720p_or_lower,PSNR,1,10,35,1.0,0.227681,,,,,124.516,124.516,306.69023284407905
meeting,a4_360p,SnowMountain_640x360_2997.y4m,720p_or_lower,PSNR,1,10,44,1.0,0.230491,,,,,124.605,124.605,190.81964189656497
meeting,a4_360p,SnowMountain_640x360_2997.y4m,720p_or_lower,PSNR,1,10,52,1.0,0.230325,,,,,122.582,122.582,124.95750403442712
meeting,a4_360p,SnowMountain_640x360_2997.y4m,720p_or_lower,PSNR,1,10,60,1.0,0.213727,,,,,123.066,123.066,73.66541151156537
meeting,a4_360p,SnowMountain_640x360_2997.y4m,720p_or_lower,SSIM,2,1,18,1.0,4.832396,,,,,310.762,310.762,521.4785214785215
meeting,a4_360p,SnowMountain_640x360_2997.y4m,720p_or_lower,SSIM,2,1,26,1.0,4.491112,,,,,320.031,320.031,371.5601321755168
meeting,a4_360p,SnowMountain_640x360_2997.y4m,720p_or_lower,SSIM,2,1,35,1.0,4.828685,,,,,327.941,327.941,248.1979558902636
meeting,a4_360p,SnowMountain_640x360_2997.y4m,720p_or_lower,SSIM,2,1,44,1.0,4.694088,,,,,335.992,335.992,166.90263582571276
meeting,a4_360p,SnowMountain_640x360_2997.y4m,720p_or_lower,SSIM,2,1,52,1.0,5.241045,,,,,340.879,340.879,127.45285483747024
meeting,a4_360p,SnowMountain_640x360_2997.y4m,720p_or_lower,SSIM,2,1,60,1.0,8.64209,,,,,482.656,482.656,87.19895489126259
meeting,a4_360p,SnowMountain_640x360_2997.y4m,720p_or_lower,SSIM,2,10,18,1.0,0.228851,,,,,127.789,127.789,946.7117497886728
meeting,a4_360p,SnowMountain_640x360_2997.y4m,720p_or_lower,SSIM,2,10,26,1.0,0.230098,,,,,126.082,126.082,431.465150234381
meeting,a4_360p,SnowMountain_640x360_2997.y4m,720p_or_lower,SSIM,2,10,35,1.0,0.215665,,,,,126.531,126.531,250.4996541919619
meeting,a4_360p,SnowMountain_640x360_2997.y4m,720p_or_lower,SSIM,2,10,44,1.0,0.23107,,,,,124.641,124.641,160.4623069238454
meeting,a4_360p,SnowMountain_640x360_2997.y4m,720p_or_lower,SSIM,2,10,52,1.0,0.213839,,,,,127.297,127.297,111.66740951356336
meeting,a4_360p,SnowMountain_640x360_2997.y4m,720p_or_lower,SSIM,2,10,60,1.0,0.230857,,,,,121.145,121.145,69.22246983785446
meeting,a4_360p,SnowMountain_640x360_2997.y4m,720p_or_lower,VMAF,5,1,18,1.0,5.767078,,,,,302.766,302.766,759.7799123952971
meeting,a4_360p,SnowMountain_640x360_2997.y4m,720p_or_lower,VMAF,5,1,26,1.0,5.55606,,,,,316.965,316.965,468.2535925612849
meeting,a4_360p,SnowMountain_640x360_2997.y4m,720p_or_lower,VMAF,5,1,35,1.0,4.711694,,,,,329.574,329.574,290.99147006839314
meeting,a4_360p,SnowMountain_640x360_2997.y4m,720p_or_lower,VMAF,5,1,44,1.0,5.226084,,,,,335.074,335.074,193.24490893721665
meeting,a4_360p,SnowMountain_640x360_2997.y4m,720p_or_lower,VMAF,5,1,52,1.0,5.838528,,,,,344.57,344.57,141.44378698224853
meeting,a4_360p,SnowMountain_640x360_2997.y4m,720p_or_lower,VMAF,5,1,60,1.0,8.862224,,,,,506.266,506.266,94.66471989548914
meeting,a4_360p,SnowMountain_640x360_2997.y4m,720p_or_lower,VMAF,5,10,18,1.0,0.229365,,,,,125.383,125.383,1216.320295089526
meeting,a4_360p,SnowMountain_640x360_2997.y4m,720p_or_lower,VMAF,5,10,26,1.0,0.212519,,,,,129.414,129.414,603.0265119495889
meeting,a4_360p,SnowMountain_640x360_2997.y4m,720p_or_lower,VMAF,5,10,35,1.0,0.230471,,,,,124.105,124.105,314.2482133251364
meeting,a4_360p,SnowMountain_640x360_2997.y4m,720p_or_lower,VMAF,5,10,44,1.0,0.215944,,,,,124.855,124.855,194.17259663413512
meeting,a4_360p,SnowMountain_640x360_2997.y4m,720p_or_lower,VMAF,5,10,52,1.0,0.23015,,,,,124.164,124.164,129.35064935064935
meeting,a4_360p,SnowMountain_640x360_2997.y4m,720p_or_lower,VMAF,5,10,60,1.0,0.232306,,,,,121.785,121.785,76.59601936525014
meeting,a4_360p,SnowMountain_640x360_2997.y4m,720p_or_lower,VQ,0,1,18,1.0,5.274583,,,,,297.094,297.094,767.4596173057712
meeting,a4_360p,SnowMountain_640x360_2997.y4m,720p_or_lower,VQ,0,1,26,1.0,4.928682,,,,,305.738,305.738,471.7006070852225
meeting,a4_360p,SnowMountain_640x360_2997.y4m,720p_or_lower,VQ,0,1,35,1.0,4.497815,,,,,320.258,320.258,294.7889034042881
meeting,a4_360p,SnowMountain_640x360_2997.y4m,720p_or_lower,VQ,0,1,44,1.0,4.800974,,,,,325.688,325.688,197.1161146545762
meeting,a4_360p,SnowMountain_640x360_2997.y4m,720p_or_lower,VQ,0,1,52,1.0,5.328265,,,,,330.254,330.254,139.6400522554369
meeting,a4_360p,SnowMountain_640x360_2997.y4m,720p_or_lower,VQ,0,1,60,1.0,8.549009,,,,,489.398,489.398,94.07638515330824
meeting,a4_360p,SnowMountain_640x360_2997.y4m,720p_or_lower,VQ,0,10,18,1.0,0.229307,,,,,125.633,125.633,1234.044109736417
meeting,a4_360p,SnowMountain_640x360_2997.y4m,720p_or_lower,VQ,0,10,26,1.0,0.213028,,,,,127.805,127.805,625.7797587028357
meeting,a4_360p,SnowMountain_640x360_2997.y4m,720p_or_lower,VQ,0,10,35,1.0,0.232342,,,,,126.742,126.742,328.9916237608545
meeting,a4_360p,SnowMountain_640x360_2997.y4m,720p_or_lower,VQ,0,10,44,1.0,0.219151,,,,,122.691,122.691,208.92338430799973
meeting,a4_360p,SnowMountain_640x360_2997.y4m,720p_or_lower,VQ,0,10,52,1.0,0.214387,,,,,126.414,126.414,128.91354799047107
meeting,a4_360p,SnowMountain_640x360_2997.y4m,720p_or_lower,VQ,0,10,60,1.0,0.218233,,,,,122.5,122.5,77.27841389379851
meeting,a4_360p,SpeedBag_640x360_2997.y4m,720p_or_lower,MS_SSIM,4,1,18,1.0,5.958892,,,,,311.012,311.012,726.5251671405518
meeting,a4_360p,SpeedBag_640x360_2997.y4m,720p_or_lower,MS_SSIM,4,1,26,1.0,7.460396,,,,,318.684,318.684,484.14600783831554
meeting,a4_360p,SpeedBag_640x360_2997.y4m,720p_or_lower,MS_SSIM,4,1,35,1.0,8.372103,,,,,338.344,338.344,311.3268270191347
meeting,a4_360p,SpeedBag_640x360_2997.y4m,720p_or_lower,MS_SSIM,4,1,44,1.0,9.129006,,,,,347.348,347.348,196.1976485053408
meeting,a4_360p,SpeedBag_640x360_2997.y4m,720p_or_lower,MS_SSIM,4,1,52,1.0,10.018979,,,,,347.148,347.148,130.51440866825484
meeting,a4_360p,SpeedBag_640x360_2997.y4m,720p_or_lower,MS_SSIM,4,1,60,1.0,9.088472,,,,,357.082,357.082,76.47060631676017
meeting,a4_360p,SpeedBag_640x360_2997.y4m,720p_or_lower,MS_SSIM,4,10,18,1.0,0.333228,,,,,143.258,143.258,1159.4712979328365
meeting,a4_360p,SpeedBag_640x360_2997.y4m,720p_or_lower,MS_SSIM,4,10,26,1.0,0.336137,,,,,140.344,140.344,742.4434027510952
meeting,a4_360p,SpeedBag_640x360_2997.y4m,720p_or_lower,MS_SSIM,4,10,35,1.0,0.337734,,,,,140.277,140.277,430.7919772535157
meeting,a4_360p,SpeedBag_640x360_2997.y4m,720p_or_lower,MS_SSIM,4,10,44,1.0,0.32172,,,,,137.875,137.875,272.7973564896642
meeting,a4_360p,SpeedBag_640x360_2997.y4m,720p_or_lower,MS_SSIM,4,10,52,1.0,0.320948,,,,,138.941,138.941,179.23737800660876
meeting,a4_360p,SpeedBag_640x360_2997.y4m,720p_or_lower,MS_SSIM,4,10,60,1.0,0.353856,,,,,135.074,135.074,98.46399754092064
meeting,a4_360p,SpeedBag_640x360_2997.y4m,720p_or_lower,PSNR,1,1,18,1.0,5.653974,,,,,309.613,309.613,444.21301775147936
meeting,a4_360p,SpeedBag_640x360_2997.y4m,720p_or_lower,PSNR,1,1,26,1.0,6.478702,,,,,324.59,324.59,291.8121878121878
meeting,a4_360p,SpeedBag_640x360_2997.y4m,720p_or_lower,PSNR,1,1,35,1.0,6.889075,,,,,332.016,332.016,177.3727810650888
meeting,a4_360p,SpeedBag_640x360_2997.y4m,720p_or_lower,PSNR,1,1,44,1.0,7.235064,,,,,346.0,346.0,109.75117190501808
meeting,a4_360p,SpeedBag_640x360_2997.y4m,720p_or_lower,PSNR,1,1,52,1.0,7.636856,,,,,348.406,348.406,74.88265580573274
meeting,a4_360p,SpeedBag_640x360_2997.y4m,720p_or_lower,PSNR,1,1,60,1.0,10.436612,,,,,541.613,541.613,42.97610082225467
meeting,a4_360p,SpeedBag_640x360_2997.y4m,720p_or_lower,PSNR,1,10,18,1.0,0.333339,,,,,134.117,134.117,801.4225774225775
meeting,a4_360p,SpeedBag_640x360_2997.y4m,720p_or_lower,PSNR,1,10,26,1.0,0.229484,,,,,132.164,132.164,500.5824944286483
meeting,a4_360p,SpeedBag_640x360_2997.y4m,720p_or_lower,PSNR,1,10,35,1.0,0.228822,,,,,135.766,135.766,274.9681088142627
meeting,a4_360p,SpeedBag_640x360_2997.y4m,720p_or_lower,PSNR,1,10,44,1.0,0.229765,,,,,133.559,133.559,157.50034580803813
meeting,a4_360p,SpeedBag_640x360_2997.y4m,720p_or_lower,PSNR,1,10,52,1.0,0.213628,,,,,137.66,137.66,99.39721816644897
meeting,a4_360p,SpeedBag_640x360_2997.y4m,720p_or_lower,PSNR,1,10,60,1.0,0.229718,,,,,132.199,132.199,52.29724122031814
meeting,a4_360p,SpeedBag_640x360_2997.y4m,720p_or_lower,SSIM,2,1,18,1.0,5.747914,,,,,313.645,313.645,407.32498270959815
meeting,a4_360p,SpeedBag_640x360_2997.y4m,720p_or_lower,SSIM,2,1,26,1.0,6.904108,,,,,315.156,315.156,272.0983631752863
meeting,a4_360p,SpeedBag_640x360_2997.y4m,720p_or_lower,SSIM,2,1,35,1.0,7.124301,,,,,330.641,330.641,166.3106124644586
meeting,a4_360p,SpeedBag_640x360_2997.y4m,720p_or_lower,SSIM,2,1,44,1.0,7.34056,,,,,347.188,347.188,104.0614769845539
meeting,a4_360p,SpeedBag_640x360_2997.y4m,720p_or_lower,SSIM,2,1,52,1.0,7.739252,,,,,353.605,353.605,71.64220394989627
meeting,a4_360p,SpeedBag_640x360_2997.y4m,720p_or_lower,SSIM,2,1,60,1.0,10.550764,,,,,512.578,512.578,41.55598247905941
meeting,a4_360p,SpeedBag_640x360_2997.y4m,720p_or_lower,SSIM,2,10,18,1.0,0.332583,,,,,131.828,131.828,742.3899177745333
meeting,a4_360p,SpeedBag_640x360_2997.y4m,720p_or_lower,SSIM,2,10,26,1.0,0.229426,,,,,133.68,133.68,456.1291016675633
meeting,a4_360p,SpeedBag_640x360_2997.y4m,720p_or_lower,SSIM,2,10,35,1.0,0.213133,,,,,133.812,133.812,246.37024513947597
meeting,a4_360p,SpeedBag_640x360_2997.y4m,720p_or_lower,SSIM,2,10,44,1.0,0.230593,,,,,133.523,133.523,140.45339276108507
meeting,a4_360p,SpeedBag_640x360_2997.y4m,720p_or_lower,SSIM,2,10,52,1.0,0.212859,,,,,134.762,134.762,90.57588565280874
meeting,a4_360p,SpeedBag_640x360_2997.y4m,720p_or_lower,SSIM,2,10,60,1.0,0.230414,,,,,131.66,131.66,49.63221393990625
meeting,a4_360p,SpeedBag_640x360_2997.y4m,720p_or_lower,VMAF,5,1,18,1.0,5.876482,,,,,316.254,316.254,478.3622531314839
meeting,a4_360p,SpeedBag_640x360_2997.y4m,720p_or_lower,VMAF,5,1,26,1.0,6.79744,,,,,320.402,320.402,309.6835472220088
meeting,a4_360p,SpeedBag_640x360_2997.y4m,720p_or_lower,VMAF,5,1,35,1.0,7.361775,,,,,333.52,333.52,187.3099208483824
meeting,a4_360p,SpeedBag_640x360_2997.y4m,720p_or_lower,VMAF,5,1,44,1.0,7.419642,,,,,346.707,346.707,115.86136939983096
meeting,a4_360p,SpeedBag_640x360_2997.y4m,720p_or_lower,VMAF,5,1,52,1.0,7.954919,,,,,351.996,351.996,78.92722661953431
meeting,a4_360p,SpeedBag_640x360_2997.y4m,720p_or_lower,VMAF,5,1,60,1.0,10.958257,,,,,551.656,551.656,45.56366710212865
meeting,a4_360p,SpeedBag_640x360_2997.y4m,720p_or_lower,VMAF,5,10,18,1.0,0.333045,,,,,131.277,131.277,948.5818796588028
meeting,a4_360p,SpeedBag_640x360_2997.y4m,720p_or_lower,VMAF,5,10,26,1.0,0.332934,,,,,134.551,134.551,564.0783831553063
meeting,a4_360p,SpeedBag_640x360_2997.y4m,720p_or_lower,VMAF,5,10,35,1.0,0.229811,,,,,132.34,132.34,300.96365173288257
meeting,a4_360p,SpeedBag_640x360_2997.y4m,720p_or_lower,VMAF,5,10,44,1.0,0.213133,,,,,133.66,133.66,169.5584415584416
meeting,a4_360p,SpeedBag_640x360_2997.y4m,720p_or_lower,VMAF,5,10,52,1.0,0.214245,,,,,136.781,136.781,106.69883962191656
meeting,a4_360p,SpeedBag_640x360_2997.y4m,720p_or_lower,VMAF,5,10,60,1.0,0.212394,,,,,134.301,134.301,56.29754860524092
meeting,a4_360p,SpeedBag_640x360_2997.y4m,720p_or_lower,VQ,0,1,18,1.0,5.129778,,,,,306.73,306.73,471.99016368247146
meeting,a4_360p,SpeedBag_640x360_2997.y4m,720p_or_lower,VQ,0,1,26,1.0,6.14952,,,,,317.027,317.027,303.19342196265274
meeting,a4_360p,SpeedBag_640x360_2997.y4m,720p_or_lower,VQ,0,1,35,1.0,6.567846,,,,,331.422,331.422,184.11373242142477
meeting,a4_360p,SpeedBag_640x360_2997.y4m,720p_or_lower,VQ,0,1,44,1.0,6.797025,,,,,340.309,340.309,113.26273726273726
meeting,a4_360p,SpeedBag_640x360_2997.y4m,720p_or_lower,VQ,0,1,52,1.0,7.413043,,,,,345.273,345.273,77.21201875048028
meeting,a4_360p,SpeedBag_640x360_2997.y4m,720p_or_lower,VQ,0,1,60,1.0,9.810351,,,,,505.914,505.914,44.680242834088986
meeting,a4_360p,SpeedBag_640x360_2997.y4m,720p_or_lower,VQ,0,10,18,1.0,0.224664,,,,,132.793,132.793,879.3317451778992
meeting,a4_360p,SpeedBag_640x360_2997.y4m,720p_or_lower,VQ,0,10,26,1.0,0.212559,,,,,132.512,132.512,542.608775839545
meeting,a4_360p,SpeedBag_640x360_2997.y4m,720p_or_lower,VQ,0,10,35,1.0,0.230465,,,,,133.352,133.352,299.80358103435026
meeting,a4_360p,SpeedBag_640x360_2997.y4m,720p_or_lower,VQ,0,10,44,1.0,0.212726,,,,,136.875,136.875,170.288788134942
meeting,a4_360p,SpeedBag_640x360_2997.y4m,720p_or_lower,VQ,0,10,52,1.0,0.23181,,,,,135.387,135.387,107.6671021286406
meeting,a4_360p,SpeedBag_640x360_2997.y4m,720p_or_lower,VQ,0,10,60,1.0,0.212782,,,,,136.785,136.785,57.19388304003689
meeting,a4_360p,Stockholm_640x360_5994.y4m,720p_or_lower,MS_SSIM,4,1,18,1.0,9.83366,,,,,318.234,318.234,2862.4901252593563
meeting,a4_360p,Stockholm_640x360_5994.y4m,720p_or_lower,MS_SSIM,4,1,26,1.0,9.917013,,,,,322.754,322.754,1667.0603242910938
meeting,a4_360p,Stockholm_640x360_5994.y4m,720p_or_lower,MS_SSIM,4,1,35,1.0,10.788324,,,,,333.207,333.207,1008.8446937677708
meeting,a4_360p,Stockholm_640x360_5994.y4m,720p_or_lower,MS_SSIM,4,1,44,1.0,10.178527,,,,,342.328,342.328,604.5093368170292
meeting,a4_360p,Stockholm_640x360_5994.y4m,720p_or_lower,MS_SSIM,4,1,52,1.0,11.202134,,,,,344.805,344.805,399.55490663182974
meeting,a4_360p,Stockholm_640x360_5994.y4m,720p_or_lower,MS_SSIM,4,1,60,1.0,10.370378,,,,,350.082,350.082,237.10074540843772
meeting,a4_360p,Stockholm_640x360_5994.y4m,720p_or_lower,MS_SSIM,4,10,18,1.0,0.430208,,,,,135.402,135.402,4383.912702681933
meeting,a4_360p,Stockholm_640x360_5994.y4m,720p_or_lower,MS_SSIM,4,10,26,1.0,0.429907,,,,,131.117,131.117,2333.140090678552
meeting,a4_360p,Stockholm_640x360_5994.y4m,720p_or_lower,MS_SSIM,4,10,35,1.0,0.325761,,,,,132.074,132.074,1211.593329747176
meeting,a4_360p,Stockholm_640x360_5994.y4m,720p_or_lower,MS_SSIM,4,10,44,1.0,0.316987,,,,,134.254,134.254,681.4096672558212
meeting,a4_360p,Stockholm_640x360_5994.y4m,720p_or_lower,MS_SSIM,4,10,52,1.0,0.334806,,,,,128.125,128.125,432.3577960501038
meeting,a4_360p,Stockholm_640x360_5994.y4m,720p_or_lower,MS_SSIM,4,10,60,1.0,0.31807,,,,,128.535,128.535,222.51225697379544
meeting,a4_360p,Stockholm_640x360_5994.y4m,720p_or_lower,PSNR,1,1,18,1.0,9.062101,,,,,308.398,308.398,1821.0011526934604
meeting,a4_360p,Stockholm_640x360_5994.y4m,720p_or_lower,PSNR,1,1,26,1.0,8.407001,,,,,319.949,319.949,1118.249135479905
meeting,a4_360p,Stockholm_640x360_5994.y4m,720p_or_lower,PSNR,1,1,35,1.0,8.657583,,,,,326.645,326.645,694.9616537308846
meeting,a4_360p,Stockholm_640x360_5994.y4m,720p_or_lower,PSNR,1,1,44,1.0,9.999865,,,,,334.672,334.672,436.1976485053409
meeting,a4_360p,Stockholm_640x360_5994.y4m,720p_or_lower,PSNR,1,1,52,1.0,8.943271,,,,,340.492,340.492,294.6358257127488
meeting,a4_360p,Stockholm_640x360_5994.y4m,720p_or_lower,PSNR,1,1,60,1.0,13.381424,,,,,534.688,534.688,171.1334819027127
meeting,a4_360p,Stockholm_640x360_5994.y4m,720p_or_lower,PSNR,1,10,18,1.0,0.339202,,,,,132.047,132.047,3565.544609236917
meeting,a4_360p,Stockholm_640x360_5994.y4m,720p_or_lower,PSNR,1,10,26,1.0,0.334453,,,,,132.562,132.562,1646.1347882886346
meeting,a4_360p,Stockholm_640x360_5994.y4m,720p_or_lower,PSNR,1,10,35,1.0,0.335251,,,,,130.086,130.086,860.1638361638362
meeting,a4_360p,Stockholm_640x360_5994.y4m,720p_or_lower,PSNR,1,10,44,1.0,0.316558,,,,,124.707,124.707,499.1107354184277
meeting,a4_360p,Stockholm_640x360_5994.y4m,720p_or_lower,PSNR,1,10,52,1.0,0.323724,,,,,127.609,127.609,310.01367862906324
meeting,a4_360p,Stockholm_640x360_5994.y4m,720p_or_lower,PSNR,1,10,60,1.0,0.318467,,,,,129.355,129.355,164.13617152078692
meeting,a4_360p,Stockholm_640x360_5994.y4m,720p_or_lower,SSIM,2,1,18,1.0,8.484491,,,,,314.031,314.031,1753.6838546069316
meeting,a4_360p,Stockholm_640x360_5994.y4m,720p_or_lower,SSIM,2,1,26,1.0,8.631776,,,,,320.727,320.727,1067.2576654115117
meeting,a4_360p,Stockholm_640x360_5994.y4m,720p_or_lower,SSIM,2,1,35,1.0,8.410153,,,,,326.18,326.18,667.9572734957351
meeting,a4_360p,Stockholm_640x360_5994.y4m,720p_or_lower,SSIM,2,1,44,1.0,8.908048,,,,,337.922,337.922,417.9316068546838
meeting,a4_360p,Stockholm_640x360_5994.y4m,720p_or_lower,SSIM,2,1,52,1.0,10.879825,,,,,346.723,346.723,280.4604626143088
meeting,a4_360p,Stockholm_640x360_5994.y4m,720p_or_lower,SSIM,2,1,60,1.0,15.371099,,,,,565.914,565.914,163.0738492276954
meeting,a4_360p,Stockholm_640x360_5994.y4m,720p_or_lower,SSIM,2,10,18,1.0,0.430971,,,,,128.43,128.43,3424.587719972336
meeting,a4_360p,Stockholm_640x360_5994.y4m,720p_or_lower,SSIM,2,10,26,1.0,0.432323,,,,,129.75,129.75,1557.7296549604243
meeting,a4_360p,Stockholm_640x360_5994.y4m,720p_or_lower,SSIM,2,10,35,1.0,0.433838,,,,,127.48,127.48,797.2433720126029
meeting,a4_360p,Stockholm_640x360_5994.y4m,720p_or_lower,SSIM,2,10,44,1.0,0.331457,,,,,127.77,127.77,458.6392069468993
meeting,a4_360p,Stockholm_640x360_5994.y4m,720p_or_lower,SSIM,2,10,52,1.0,0.450822,,,,,132.367,132.367,285.0122185506801
meeting,a4_360p,Stockholm_640x360_5994.y4m,720p_or_lower,SSIM,2,10,60,1.0,0.550415,,,,,126.148,126.148,149.69891646814725
meeting,a4_360p,Stockholm_640x360_5994.y4m,720p_or_lower,VMAF,5,1,18,1.0,10.267082,,,,,312.023,312.023,1951.792207792208
meeting,a4_360p,Stockholm_640x360_5994.y4m,720p_or_lower,VMAF,5,1,26,1.0,10.29914,,,,,316.09,316.09,1149.325751171905
meeting,a4_360p,Stockholm_640x360_5994.y4m,720p_or_lower,VMAF,5,1,35,1.0,8.360736,,,,,318.523,318.523,715.2748789671866
meeting,a4_360p,Stockholm_640x360_5994.y4m,720p_or_lower,VMAF,5,1,44,1.0,8.582311,,,,,338.398,338.398,445.6995312379928
meeting,a4_360p,Stockholm_640x360_5994.y4m,720p_or_lower,VMAF,5,1,52,1.0,9.123353,,,,,347.402,347.402,302.10527933604857
meeting,a4_360p,Stockholm_640x360_5994.y4m,720p_or_lower,VMAF,5,1,60,1.0,14.04496,,,,,541.352,541.352,177.26396680242837
meeting,a4_360p,Stockholm_640x360_5994.y4m,720p_or_lower,VMAF,5,10,18,1.0,0.332174,,,,,133.938,133.938,4042.014600783832
meeting,a4_360p,Stockholm_640x360_5994.y4m,720p_or_lower,VMAF,5,10,26,1.0,0.333739,,,,,131.301,131.301,1738.8888035041882
meeting,a4_360p,Stockholm_640x360_5994.y4m,720p_or_lower,VMAF,5,10,35,1.0,0.324521,,,,,133.641,133.641,896.9615000384232
meeting,a4_360p,Stockholm_640x360_5994.y4m,720p_or_lower,VMAF,5,10,44,1.0,0.320605,,,,,125.141,125.141,509.545838776608
meeting,a4_360p,Stockholm_640x360_5994.y4m,720p_or_lower,VMAF,5,10,52,1.0,0.33655,,,,,128.738,128.738,318.7520172135557
meeting,a4_360p,Stockholm_640x360_5994.y4m,720p_or_lower,VMAF,5,10,60,1.0,0.33496,,,,,127.254,127.254,171.09659571198034
meeting,a4_360p,Stockholm_640x360_5994.y4m,720p_or_lower,VQ,0,1,18,1.0,8.139857,,,,,302.836,302.836,2230.2608161069697
meeting,a4_360p,Stockholm_640x360_5994.y4m,720p_or_lower,VQ,0,1,26,1.0,8.308768,,,,,314.586,314.586,1262.422500576347
meeting,a4_360p,Stockholm_640x360_5994.y4m,720p_or_lower,VQ,0,1,35,1.0,7.867742,,,,,323.492,323.492,754.6693306693307
meeting,a4_360p,Stockholm_640x360_5994.y4m,720p_or_lower,VQ,0,1,44,1.0,8.414679,,,,,331.27,331.27,459.9744870514101
meeting,a4_360p,Stockholm_640x360_5994.y4m,720p_or_lower,VQ,0,1,52,1.0,8.845681,,,,,343.25,343.25,305.7791439329901
meeting,a4_360p,Stockholm_640x360_5994.y4m,720p_or_lower,VQ,0,1,60,1.0,14.279612,,,,,528.391,528.391,178.1012833320526
meeting,a4_360p,Stockholm_640x360_5994.y4m,720p_or_lower,VQ,0,10,18,1.0,0.459265,,,,,133.367,133.367,3962.9232306155386
meeting,a4_360p,Stockholm_640x360_5994.y4m,720p_or_lower,VQ,0,10,26,1.0,0.542266,,,,,129.953,129.953,1841.3844616921544
meeting,a4_360p,Stockholm_640x360_5994.y4m,720p_or_lower,VQ,0,10,35,1.0,0.459092,,,,,130.91,130.91,988.0076846230694
meeting,a4_360p,Stockholm_640x360_5994.y4m,720p_or_lower,VQ,0,10,44,1.0,0.454321,,,,,126.586,126.586,552.0018443095366
meeting,a4_360p,Stockholm_640x360_5994.y4m,720p_or_lower,VQ,0,10,52,1.0,0.434093,,,,,125.789,125.789,320.6037039883193
meeting,a4_360p,Stockholm_640x360_5994.y4m,720p_or_lower,VQ,0,10,60,1.0,0.34829,,,,,125.977,125.977,172.89664181971875
meeting,a4_360p,TouchdownPass_640x360_2997.y4m,720p_or_lower,MS_SSIM,4,1,18,1.0,8.062093,,,,,315.953,315.953,1883.892107892108
meeting,a4_360p,TouchdownPass_640x360_2997.y4m,720p_or_lower,MS_SSIM,4,1,26,1.0,8.66383,,,,,318.824,318.824,1166.793206793207
meeting,a4_360p,TouchdownPass_640x360_2997.y4m,720p_or_lower,MS_SSIM,4,1,35,1.0,9.100565,,,,,329.18,329.18,720.173365096442
meeting,a4_360p,TouchdownPass_640x360_2997.y4m,720p_or_lower,MS_SSIM,4,1,44,1.0,10.653575,,,,,344.121,344.121,450.62014908168754
meeting,a4_360p,TouchdownPass_640x360_2997.y4m,720p_or_lower,MS_SSIM,4,1,52,1.0,13.278055,,,,,347.66,347.66,293.2765695842619
meeting,a4_360p,TouchdownPass_640x360_2997.y4m,720p_or_lower,MS_SSIM,4,1,60,1.0,13.27539,,,,,355.629,355.629,167.87827557058327
meeting,a4_360p,TouchdownPass_640x360_2997.y4m,720p_or_lower,MS_SSIM,4,10,18,1.0,0.436926,,,,,138.418,138.418,2767.8622915546
meeting,a4_360p,TouchdownPass_640x360_2997.y4m,720p_or_lower,MS_SSIM,4,10,26,1.0,0.4363,,,,,135.559,135.559,1675.332052562822
meeting,a4_360p,TouchdownPass_640x360_2997.y4m,720p_or_lower,MS_SSIM,4,10,35,1.0,0.438224,,,,,135.824,135.824,903.1805117958965
meeting,a4_360p,TouchdownPass_640x360_2997.y4m,720p_or_lower,MS_SSIM,4,10,44,1.0,0.326046,,,,,134.191,134.191,488.8250211327135
meeting,a4_360p,TouchdownPass_640x360_2997.y4m,720p_or_lower,MS_SSIM,4,10,52,1.0,0.317808,,,,,134.551,134.551,302.1642972412204
meeting,a4_360p,TouchdownPass_640x360_2997.y4m,720p_or_lower,MS_SSIM,4,10,60,1.0,0.317595,,,,,136.75,136.75,146.0656266810113
meeting,a4_360p,TouchdownPass_640x360_2997.y4m,720p_or_lower,PSNR,1,1,18,1.0,8.097527,,,,,312.824,312.824,1353.9205409974645
meeting,a4_360p,TouchdownPass_640x360_2997.y4m,720p_or_lower,PSNR,1,1,26,1.0,8.595383,,,,,313.875,313.875,878.7729193883041
meeting,a4_360p,TouchdownPass_640x360_2997.y4m,720p_or_lower,PSNR,1,1,35,1.0,8.996669,,,,,329.602,329.602,526.0560977484055
meeting,a4_360p,TouchdownPass_640x360_2997.y4m,720p_or_lower,PSNR,1,1,44,1.0,10.144712,,,,,337.258,337.258,320.0209021747484
meeting,a4_360p,TouchdownPass_640x360_2997.y4m,720p_or_lower,PSNR,1,1,52,1.0,12.013737,,,,,349.555,349.555,201.9537385691232
meeting,a4_360p,TouchdownPass_640x360_2997.y4m,720p_or_lower,PSNR,1,1,60,1.0,16.598554,,,,,539.504,539.504,100.06485821870436
meeting,a4_360p,TouchdownPass_640x360_2997.y4m,720p_or_lower,PSNR,1,10,18,1.0,0.321913,,,,,137.285,137.285,2345.80127564743
meeting,a4_360p,TouchdownPass_640x360_2997.y4m,720p_or_lower,PSNR,1,10,26,1.0,0.322842,,,,,136.367,136.367,1463.151617613156
meeting,a4_360p,TouchdownPass_640x360_2997.y4m,720p_or_lower,PSNR,1,10,35,1.0,0.322477,,,,,134.781,134.781,745.0955198647507
meeting,a4_360p,TouchdownPass_640x360_2997.y4m,720p_or_lower,PSNR,1,10,44,1.0,0.316631,,,,,128.586,128.586,366.0216706370553
meeting,a4_360p,TouchdownPass_640x360_2997.y4m,720p_or_lower,PSNR,1,10,52,1.0,0.334945,,,,,132.629,132.629,203.63759317605476
meeting,a4_360p,TouchdownPass_640x360_2997.y4m,720p_or_lower,PSNR,1,10,60,1.0,0.336048,,,,,130.309,130.309,89.80496426650274
meeting,a4_360p,TouchdownPass_640x360_2997.y4m,720p_or_lower,SSIM,2,1,18,1.0,8.043091,,,,,313.383,313.383,1187.4254975793438
meeting,a4_360p,TouchdownPass_640x360_2997.y4m,720p_or_lower,SSIM,2,1,26,1.0,8.566961,,,,,316.09,316.09,775.0194420963653
meeting,a4_360p,TouchdownPass_640x360_2997.y4m,720p_or_lower,SSIM,2,1,35,1.0,8.864895,,,,,327.184,327.184,462.7538615230923
meeting,a4_360p,TouchdownPass_640x360_2997.y4m,720p_or_lower,SSIM,2,1,44,1.0,10.456144,,,,,333.535,333.535,288.2323830016137
meeting,a4_360p,TouchdownPass_640x360_2997.y4m,720p_or_lower,SSIM,2,1,52,1.0,12.313078,,,,,347.43,347.43,184.04180434949663
meeting,a4_360p,TouchdownPass_640x360_2997.y4m,720p_or_lower,SSIM,2,1,60,1.0,17.415336,,,,,547.086,547.086,91.43348958733574
meeting,a4_360p,TouchdownPass_640x360_2997.y4m,720p_or_lower,SSIM,2,10,18,1.0,0.330939,,,,,137.703,137.703,2263.532160147545
meeting,a4_360p,TouchdownPass_640x360_2997.y4m,720p_or_lower,SSIM,2,10,26,1.0,0.31942,,,,,136.355,136.355,1359.4110504879736
meeting,a4_360p,TouchdownPass_640x360_2997.y4m,720p_or_lower,SSIM,2,10,35,1.0,0.332321,,,,,135.539,135.539,662.2657342657343
meeting,a4_360p,TouchdownPass_640x360_2997.y4m,720p_or_lower,SSIM,2,10,44,1.0,0.316795,,,,,136.105,136.105,308.72819488204107
meeting,a4_360p,TouchdownPass_640x360_2997.y4m,720p_or_lower,SSIM,2,10,52,1.0,0.33416,,,,,135.809,135.809,172.27879812495198
meeting,a4_360p,TouchdownPass_640x360_2997.y4m,720p_or_lower,SSIM,2,10,60,1.0,0.334413,,,,,133.328,133.328,75.97633136094674
meeting,a4_360p,TouchdownPass_640x360_2997.y4m,720p_or_lower,VMAF,5,1,18,1.0,8.173089,,,,,309.391,309.391,1384.183816183816
meeting,a4_360p,TouchdownPass_640x360_2997.y4m,720p_or_lower,VMAF,5,1,26,1.0,8.668887,,,,,321.688,321.688,907.374471682164
meeting,a4_360p,TouchdownPass_640x360_2997.y4m,720p_or_lower,VMAF,5,1,35,1.0,8.982402,,,,,324.129,324.129,542.8632905555984
meeting,a4_360p,TouchdownPass_640x360_2997.y4m,720p_or_lower,VMAF,5,1,44,1.0,10.333788,,,,,340.969,340.969,331.5293936832399
meeting,a4_360p,TouchdownPass_640x360_2997.y4m,720p_or_lower,VMAF,5,1,52,1.0,11.99631,,,,,346.312,346.312,210.6146161530777
meeting,a4_360p,TouchdownPass_640x360_2997.y4m,720p_or_lower,VMAF,5,1,60,1.0,17.75928,,,,,560.0,560.0,104.43956043956044
meeting,a4_360p,TouchdownPass_640x360_2997.y4m,720p_or_lower,VMAF,5,10,18,1.0,0.331859,,,,,137.062,137.062,2518.839929301468
meeting,a4_360p,TouchdownPass_640x360_2997.y4m,720p_or_lower,VMAF,5,10,26,1.0,0.32099,,,,,137.777,137.777,1533.663259817106
meeting,a4_360p,TouchdownPass_640x360_2997.y4m,720p_or_lower,VMAF,5,10,35,1.0,0.318926,,,,,137.863,137.863,779.2650426496581
meeting,a4_360p,TouchdownPass_640x360_2997.y4m,720p_or_lower,VMAF,5,10,44,1.0,0.334877,,,,,134.82,134.82,389.5052639668024
meeting,a4_360p,TouchdownPass_640x360_2997.y4m,720p_or_lower,VMAF,5,10,52,1.0,0.335042,,,,,133.902,133.902,213.32943979097828
meeting,a4_360p,TouchdownPass_640x360_2997.y4m,720p_or_lower,VMAF,5,10,60,1.0,0.319013,,,,,127.223,127.223,93.31099669561208
meeting,a4_360p,TouchdownPass_640x360_2997.y4m,720p_or_lower,VQ,0,1,18,1.0,7.319653,,,,,304.906,304.906,1401.2510566356725
meeting,a4_360p,TouchdownPass_640x360_2997.y4m,720p_or_lower,VQ,0,1,26,1.0,7.727988,,,,,315.273,315.273,914.727733804657
meeting,a4_360p,TouchdownPass_640x360_2997.y4m,720p_or_lower,VQ,0,1,35,1.0,8.359563,,,,,319.957,319.957,560.3952970106817
meeting,a4_360p,TouchdownPass_640x360_2997.y4m,720p_or_lower,VQ,0,1,44,1.0,9.622713,,,,,334.605,334.605,346.9496657188965
meeting,a4_360p,TouchdownPass_640x360_2997.y4m,720p_or_lower,VQ,0,1,52,1.0,11.38807,,,,,347.055,347.055,217.18035810343503
meeting,a4_360p,TouchdownPass_640x360_2997.y4m,720p_or_lower,VQ,0,1,60,1.0,16.158341,,,,,552.965,552.965,109.36755552140168
meeting,a4_360p,TouchdownPass_640x360_2997.y4m,720p_or_lower,VQ,0,10,18,1.0,0.32913,,,,,138.93,138.93,2441.716437408745
meeting,a4_360p,TouchdownPass_640x360_2997.y4m,720p_or_lower,VQ,0,10,26,1.0,0.321872,,,,,134.832,134.832,1525.424729117037
meeting,a4_360p,TouchdownPass_640x360_2997.y4m,720p_or_lower,VQ,0,10,35,1.0,0.316998,,,,,133.012,133.012,800.0780757703835
meeting,a4_360p,TouchdownPass_640x360_2997.y4m,720p_or_lower,VQ,0,10,44,1.0,0.33496,,,,,132.109,132.109,403.00007684623074
meeting,a4_360p,TouchdownPass_640x360_2997.y4m,720p_or_lower,VQ,0,10,52,1.0,0.320857,,,,,134.238,134.238,230.42618919542
meeting,a4_360p,TouchdownPass_640x360_2997.y4m,720p_or_lower,VQ,0,10,60,1.0,0.335359,,,,,127.879,127.879,102.52332283101516
