profile,preset,tune,crf,mean_bitrate_kbps
full,1,MS_SSIM,18,49068.44243929288
full,1,MS_SSIM,26,24264.07637482372
full,1,MS_SSIM,35,12210.525134213669
full,1,MS_SSIM,44,6470.956775413315
full,1,MS_SSIM,52,4005.6083934890576
full,1,MS_SSIM,60,2069.9463182950954
full,1,PSNR,18,30101.728855487294
full,1,PSNR,26,14043.151842376836
full,1,PSNR,35,7349.57401158312
full,1,PSNR,44,4077.292300649263
full,1,PSNR,52,2516.3784735391014
full,1,PSNR,60,1221.4780445215301
full,1,SSIM,18,30815.71283338644
full,1,SSIM,26,13642.392845771588
full,1,SSIM,35,7072.974938007178
full,1,SSIM,44,3884.6350768998404
full,1,SSIM,52,2393.8708458843553
full,1,SSIM,60,1161.401988437045
full,1,VMAF,18,39264.56301463131
full,1,VMAF,26,15553.468679194426
full,1,VMAF,35,7846.936060988401
full,1,VMAF,44,4296.113721031008
full,1,VMAF,52,2635.3536259871553
full,1,VMAF,60,1280.6697320123124
full,1,VQ,18,34170.33477741063
full,1,VQ,26,15048.716241461354
full,1,VQ,35,7558.631749285505
full,1,VQ,44,4186.360414414894
full,1,VQ,52,2584.3723030595156
full,1,VQ,60,1263.134548533144
full,10,MS_SSIM,18,90632.28995578713
full,10,MS_SSIM,26,43970.680887098286
full,10,MS_SSIM,35,19131.118632432488
full,10,MS_SSIM,44,8542.246259759337
full,10,MS_SSIM,52,4448.196663621506
full,10,MS_SSIM,60,1848.6354728210395
full,10,PSNR,18,56208.181069826824
full,10,PSNR,26,24576.675289145882
full,10,PSNR,35,10801.859637929076
full,10,PSNR,44,5216.743461155636
full,10,PSNR,52,2747.2797472845486
full,10,PSNR,60,1112.7907778206447
full,10,SSIM,18,55700.42767343304
full,10,SSIM,26,24217.24618694077
full,10,SSIM,35,10464.085162055066
full,10,SSIM,44,5001.930591781733
full,10,SSIM,52,2611.843011153979
full,10,SSIM,60,1068.5706346531604
full,10,VMAF,18,73402.25586783308
full,10,VMAF,26,29017.042346038223
full,10,VMAF,35,11816.258646691767
full,10,VMAF,44,5611.08757248644
full,10,VMAF,52,2930.974458435964
full,10,VMAF,60,1178.812719487845
full,10,VQ,18,63023.53486157468
full,10,VQ,26,27360.97417022931
full,10,VQ,35,11521.682672282846
full,10,VQ,44,5570.22635191375
full,10,VQ,52,2964.595029662128
full,10,VQ,60,1204.2993180528424
