enabled,dataset,video,relative_path,resolution_tier,width,height,fps,bit_depth,chroma,frames,duration_seconds,expected_md5,actual_md5,sha256,size_bytes
1,a1_4k,Netflix_Dancers_4096x2160_60fps_10bit_420.y4m,a1_4k/Netflix_Dancers_4096x2160_60fps_10bit_420.y4m,2160p_or_higher,4096,2160,60.0,10,420p10,1199,19.983333333333334,,041ae548686eb69f61cdf50dbbffa024,32f7e1d9c595deeb99b8189a1de1faab04ed81c0a2765b46ce9b4ce5dd973eb0,31823961158
1,a1_4k,Netflix_DinnerScene_4096x2160_60fps_10bit_420.y4m,a1_4k/Netflix_DinnerScene_4096x2160_60fps_10bit_420.y4m,2160p_or_higher,4096,2160,60.0,10,420p10,1199,19.983333333333334,,9eceda8414260535f75ec80c6ebbcd03,97eebac4d8e66b9979b87de65c92cd0a14ad6f5470169f931663bafda93a7f9c,31823961158
1,a1_4k,Netflix_SquareAndTimelapse_4096x2160_60fps_10bit_420.y4m,a1_4k/Netflix_SquareAndTimelapse_4096x2160_60fps_10bit_420.y4m,2160p_or_higher,4096,2160,60.0,10,420p10,600,10.0,,695714214992a9748cda5847c229d359,582ff2693c84f282cf3ec5bbddb37e178610828db91402c87128d0e0334627f7,15925251644
1,a1_4k,Netflix_Tango_4096x2160_60fps_10bit_420.y4m,a1_4k/Netflix_Tango_4096x2160_60fps_10bit_420.y4m,2160p_or_higher,4096,2160,60.0,10,420p10,294,4.9,,05e4903a36ca5d4ff95ab7af98fe9974,7bffbe7f5fbcad409d2ed2cb7a0f2ece80a62a986345fae33e65d394d8515cec,7803373328
1,a2_1080p,Aerial3200_1920x1080_5994_10bit_420.y4m,a2_1080p/Aerial3200_1920x1080_5994_10bit_420.y4m,1080p,1920,1080,59.94005994005994,10,420p10,130,2.168833333333333,,143973e1194e6290171aa0b001eac4b1,8abedbc8278ff6f28507b5ff84546e6083980c0ff2cc1ae0cc75362f26419e84,808704844
1,a2_1080p,Boat_1920x1080_5994_10bit_420.y4m,a2_1080p/Boat_1920x1080_5994_10bit_420.y4m,1080p,1920,1080,59.94005994005994,10,420p10,130,2.168833333333333,,3569205a276647023db406f592a155d5,783b35192d4914758032db78b6885b3b06bc784fad914dcb0110ff9dae4e9c8c,808704844
1,a2_1080p,FoodMarket_1920x1080_5994_10bit_420.y4m,a2_1080p/FoodMarket_1920x1080_5994_10bit_420.y4m,1080p,1920,1080,59.94005994005994,10,420p10,130,2.168833333333333,,169791ee8f32b920e4151a8133b9a849,d94704eac60dedc88089cb5666edcb9fc923e2c3a37ab7e5d9c70fa6e3452644,808704844
1,a2_1080p,MeridianTalk_sdr_1920x1080p_5994_10bit.y4m,a2_1080p/MeridianTalk_sdr_1920x1080p_5994_10bit.y4m,1080p,1920,1080,59.94005994005994,10,420p10,130,2.168833333333333,,ca3e32036cc40cb99af8a70b17d126cf,3449b91ec56a553bcd43244bd5f278e2eef8a95f35c5ffdd8abc8f3458a226b9,808704844
1,a2_1080p,RitualDance_1920x1080_5994_10bit_420.y4m,a2_1080p/RitualDance_1920x1080_5994_10bit_420.y4m,1080p,1920,1080,59.94005994005994,10,420p10,130,2.168833333333333,,6bb5835fcb421021b1dadd5384bac424,1dc366fe3b9bc5a00459010fdddb645953855999f55b9d13b6d3ef3e2c9c329d,808704844
1,a2_1080p,RushFieldCuts_1920x1080_2997.y4m,a2_1080p/RushFieldCuts_1920x1080_2997.y4m,1080p,1920,1080,29.97002997002997,8,420jpeg,130,4.337666666666666,,0f652c54c6b5fb1fe77bb366f4eb4a55,1bcd1d4b4559182ff246545c3936d0cfd0b36dfdfded16af0cd9151a660252f1,404352846
1,a2_1080p,Skater227_1920x1080_30fps.y4m,a2_1080p/Skater227_1920x1080_30fps.y4m,1080p,1920,1080,30.0,10,420p10,130,4.333333333333333,,dce66dd6db8e9bf51782396f40e975a5,d685f5e2935897ae253a3c63635d6a8c770fc7454ce900e690289df928567028,808704838
1,a2_1080p,ToddlerFountain_1920x1080_2997fps_10bit_420.y4m,a2_1080p/ToddlerFountain_1920x1080_2997fps_10bit_420.y4m,1080p,1920,1080,29.97002997002997,10,420p10,130,4.337666666666666,,79baf955d530afa396b0e8c298dcb627,1ac0494d1fd5d715a1fc4839012fef3e8461d635dfb8fe151d00ad20e5bd0ab4,808704844
1,a2_1080p,TreesAndGrass_1920_1080_30fps_8bit.y4m,a2_1080p/TreesAndGrass_1920_1080_30fps_8bit.y4m,1080p,1920,1080,30.0,8,420jpeg,130,4.333333333333333,,8e27a24fad8b0c60b3e1afd924c88d02,0cc6405eb5f37318951d780dd1d4b0a3c0763aa087ba32fd9b89b1dededc4ccb,404352840
1,a2_1080p,TunnelFlag_1920x1080_5994_10bit_420.y4m,a2_1080p/TunnelFlag_1920x1080_5994_10bit_420.y4m,1080p,1920,1080,59.94005994005994,10,420p10,130,2.168833333333333,,d216bc59bc4242512dff87227ad6d1ae,62e78cd57f026679d1ad5e8d9cf37e1e68c63607e801970baf7fe0d68f04af99,808704844
1,a3_720p,ControlledBurn_1280x720p30_420.y4m,a3_720p/ControlledBurn_1280x720p30_420.y4m,720p_or_lower,1280,720,30.0,8,420jpeg,130,4.333333333333333,,875d857d8ef1b7f1b653c4c530669005,7bed1c1b9d4b3113c102731f4eb58f5295a3cd7ce429c5b0679c86cce42d6427,179712839
1,a3_720p,DrivingPOV_1280x720p_5994_10bit_420.y4m,a3_720p/DrivingPOV_1280x720p_5994_10bit_420.y4m,720p_or_lower,1280,720,59.94005994005994,10,420p10,130,2.168833333333333,,dca294b0f589f7bc40be921447f8c88a,4ac81b4d36f7e20c2f3796114824b8009d18aa39e16c0dbedcd4b19532905a7e,359424843
1,a3_720p,RollerCoaster_1280x720p_5994_10bit_420.y4m,a3_720p/RollerCoaster_1280x720p_5994_10bit_420.y4m,720p_or_lower,1280,720,59.94005994005994,10,420p10,130,2.168833333333333,,502eb30ee5f771cb8b367c36bbdc27db,973f3e64e58f3beb6c1f206307fcbc1956ffbd65bd941c60da7ba60c37e6b98b,359424843
1,a3_720p,WestWindEasy_1280x720p30_420.y4m,a3_720p/WestWindEasy_1280x720p30_420.y4m,720p_or_lower,1280,720,30.0,8,420jpeg,130,4.333333333333333,,da8afe9c91a260c835b39f58b13c99e7,043720c5d25670d75fac3b180738ff8f4ec8c9106d68cc3849bd1ded47c53021,179712839
